-- MySQL dump 10.13  Distrib 8.0.40, for Linux (x86_64)
--
-- Host: localhost    Database: kiken
-- ------------------------------------------------------
-- Server version	8.0.40

/*!40101 SET @OLD_CHARACTER_SET_CLIENT=@@CHARACTER_SET_CLIENT */;
/*!40101 SET @OLD_CHARACTER_SET_RESULTS=@@CHARACTER_SET_RESULTS */;
/*!40101 SET @OLD_COLLATION_CONNECTION=@@COLLATION_CONNECTION */;
/*!50503 SET NAMES utf8mb4 */;
/*!40103 SET @OLD_TIME_ZONE=@@TIME_ZONE */;
/*!40103 SET TIME_ZONE='+00:00' */;
/*!40014 SET @OLD_UNIQUE_CHECKS=@@UNIQUE_CHECKS, UNIQUE_CHECKS=0 */;
/*!40014 SET @OLD_FOREIGN_KEY_CHECKS=@@FOREIGN_KEY_CHECKS, FOREIGN_KEY_CHECKS=0 */;
/*!40101 SET @OLD_SQL_MODE=@@SQL_MODE, SQL_MODE='NO_AUTO_VALUE_ON_ZERO' */;
/*!40111 SET @OLD_SQL_NOTES=@@SQL_NOTES, SQL_NOTES=0 */;

--
-- Table structure for table `address`
--

DROP TABLE IF EXISTS `address`;
/*!40101 SET @saved_cs_client     = @@character_set_client */;
/*!50503 SET character_set_client = utf8mb4 */;
CREATE TABLE `address` (
  `id` int NOT NULL AUTO_INCREMENT,
  `street` varchar(255) COLLATE utf8mb4_unicode_ci NOT NULL,
  `zip` int NOT NULL,
  `city` varchar(255) COLLATE utf8mb4_unicode_ci NOT NULL,
  `country` varchar(255) COLLATE utf8mb4_unicode_ci DEFAULT NULL,
  PRIMARY KEY (`id`)
) ENGINE=InnoDB AUTO_INCREMENT=79 DEFAULT CHARSET=utf8mb4 COLLATE=utf8mb4_unicode_ci;
/*!40101 SET character_set_client = @saved_cs_client */;

--
-- Dumping data for table `address`
--

LOCK TABLES `address` WRITE;
/*!40000 ALTER TABLE `address` DISABLE KEYS */;
INSERT INTO `address` VALUES (1,'93420',93420,'Villepinte',NULL),(2,'2',2,'fds',NULL),(3,'93420',93420,'Villepinte',NULL),(4,'12 rue Pierre Audat',93420,'Villepinte',NULL),(5,'12 rue Pierre Audat',93420,'Villepinte',NULL),(6,'12 rue Pierre Auda',93420,'Villepinte',NULL),(7,'12 rue Pierre Audat',93420,'Villepinte',NULL),(8,'11 rue Pierre Audat',934210,'sd',NULL),(9,'11 rue Pierre Auda',934210,'sd',NULL),(10,'3 Place Christine',83200,'Toulon',NULL),(11,'3 Place Christine',83200,'Toulon',NULL),(12,'3 Place Christin',83200,'Toulon',NULL),(13,'3 Place Christine',83200,'Toulon',NULL),(14,'11 rue@',292,'fds',NULL),(15,'11 rue@',292,'fds',NULL),(16,'11 rue@',292,'fds',NULL),(18,'3 Place Christinedsqdsq',83200,'Toulon',NULL),(19,'3 Place Christine',83200,'Toulon',NULL),(20,'38 Avenue du Colonel Fabien',93420,'Villepinte',NULL),(21,'903 Av. Edouard Herriot',83200,'Toulon',NULL),(22,'3 Place Christine',83200,'Toulon',NULL),(23,'3 Place Christineé',83200,'Toulon',NULL),(24,'3 Place Christine',83200,'Toulon',NULL),(25,'3 Place Christine',83200,'Toulon',NULL),(26,'3 Place Christine',83200,'Toulon',NULL),(27,'3 Place Christine',83200,'Toulon',NULL),(28,'3 Place Christine',83200,'Toulon',NULL),(29,'3 Place Christine',83200,'Toulon',NULL),(30,'3 Place Christine',83200,'Toulon',NULL),(31,'3 Place Christine',83200,'Toulons',NULL),(32,'3 Place Christine',83200,'Toulon',NULL),(33,'3 Place Christine',83200,'Toulon',NULL),(34,'3 Place Christine',83200,'Toulon',NULL),(35,'3 Place Christine',83200,'Toulon',NULL),(36,'3 Place Christine',83200,'Toulon',NULL),(37,'3 Place Christine',83200,'Toulon',NULL),(38,'3 Place Christine',83200,'Toulon',NULL),(39,'3 Place Christine',83200,'Toulon',NULL),(40,'3 Place Christine',83200,'Toulon',NULL),(41,'3 Place Christine',83200,'Toulon',NULL),(42,'3 Place Christine',83200,'Toulon',NULL),(43,'3 Place Christine',83200,'Toulon',NULL),(44,'3 Place Christine',83200,'Toulon',NULL),(45,'3 Place Christine',83200,'Toulon',NULL),(46,'3 Place Christine',83200,'Toulon',NULL),(47,'3 Place Christine',83200,'Toulon',NULL),(48,'3 Place Christine',83200,'Toulon',NULL),(49,'3 Place Christine',83200,'Toulon',NULL),(50,'3 Place Christine',83200,'Toulon',NULL),(51,'3 Place Christine',83200,'Toulon',NULL),(52,'3 Place Christine',83200,'Toulon',NULL),(53,'3 Place Christine',83200,'Toulon',NULL),(54,'3 Place Christine',83200,'Toulon',NULL),(55,'3 Place Christine',83200,'Toulon',NULL),(56,'3 Place Christine',83200,'Toulon',NULL),(57,'3 Place Christine',83200,'Toulon',NULL),(58,'3 Place Christine',83200,'Toulon',NULL),(59,'3 Place Christine',83200,'Toulon',NULL),(60,'3 Place Christine',83200,'Toulon',NULL),(61,'3 Place Christine',83200,'Toulon',NULL),(62,'3 Place Christine',83200,'Toulon',NULL),(63,'3 Place Christine',83200,'Toulons',NULL),(64,'3 Place Christine',83200,'Toulon',NULL),(65,'3 Place Christine',83200,'Toulon',NULL),(66,'3 Place Christine',83200,'Toulon',NULL),(67,'3 Place Christine',83200,'Toulon',NULL),(68,'3 Place Christine2',83200,'Toulon',NULL),(70,'99 avenue Achille Perretti',92200,'Neuilly-sur-Seine',NULL),(71,'99 avenue Achille Perretti',92200,'Neuilly-sur-Seine',NULL),(72,'99 avenue Achille Perretti',92200,'Neuilly-sur-Seine',NULL),(73,'3 Place Christine',83200,'Toulon',NULL),(74,'3 Place Christine2',83200,'Toulon',NULL),(75,'3 Place Christine',83200,'Toulon',NULL),(76,'3 Place Christine',83200,'Toulon',NULL),(77,'3 Place Christine',83200,'Toulon',NULL);
/*!40000 ALTER TABLE `address` ENABLE KEYS */;
UNLOCK TABLES;

--
-- Table structure for table `clock_in`
--

DROP TABLE IF EXISTS `clock_in`;
/*!40101 SET @saved_cs_client     = @@character_set_client */;
/*!50503 SET character_set_client = utf8mb4 */;
CREATE TABLE `clock_in` (
  `id` char(36) COLLATE utf8mb4_unicode_ci NOT NULL COMMENT '(DC2Type:uuid)',
  `operation_id` char(36) COLLATE utf8mb4_unicode_ci NOT NULL COMMENT '(DC2Type:uuid)',
  `clock_in_employee_id` char(36) COLLATE utf8mb4_unicode_ci NOT NULL COMMENT '(DC2Type:uuid)',
  `start` datetime NOT NULL,
  `end` datetime DEFAULT NULL,
  PRIMARY KEY (`id`),
  KEY `IDX_C5926B8C44AC3583` (`operation_id`),
  KEY `IDX_C5926B8CF3886E6C` (`clock_in_employee_id`),
  CONSTRAINT `FK_C5926B8C44AC3583` FOREIGN KEY (`operation_id`) REFERENCES `operation` (`id`),
  CONSTRAINT `FK_C5926B8CF3886E6C` FOREIGN KEY (`clock_in_employee_id`) REFERENCES `clock_in_employee` (`id`)
) ENGINE=InnoDB DEFAULT CHARSET=utf8mb4 COLLATE=utf8mb4_unicode_ci;
/*!40101 SET character_set_client = @saved_cs_client */;

--
-- Dumping data for table `clock_in`
--

LOCK TABLES `clock_in` WRITE;
/*!40000 ALTER TABLE `clock_in` DISABLE KEYS */;
INSERT INTO `clock_in` VALUES ('124d0d75-f47f-4370-8dd1-d3f91aa30c1d','7e5cdd75-d1cc-4aea-94be-a7bb9e2a1896','b69c3b53-321a-4cfa-87fa-f1505eb417f0','2023-12-28 15:07:48',NULL),('4e1422c6-3027-4b33-af0a-d5c5e1e59b6d','7e5cdd75-d1cc-4aea-94be-a7bb9e2a1896','e62fa7da-8781-4e60-9622-9a69a3e52f42','2024-01-01 19:02:20',NULL),('8139e1e4-6384-4349-b2c2-eca0646ec992','7e5cdd75-d1cc-4aea-94be-a7bb9e2a1896','1a17f1ef-5986-4fbb-8f7b-8b8e1b8166fe','2023-12-28 14:48:24',NULL),('93c433c1-56b0-454b-94f5-2a9ca0204f8e','7e5cdd75-d1cc-4aea-94be-a7bb9e2a1896','a2a4b76b-08ea-4169-a121-13a2fd225b36','2023-12-28 14:48:00',NULL),('b954d68e-df60-4adb-a955-0b075d526e1d','7e5cdd75-d1cc-4aea-94be-a7bb9e2a1896','72144fdc-99a3-44af-ac8f-edcda12dccba','2023-12-28 23:11:57',NULL),('ec57865c-3749-42b3-a30f-20091a106135','7e5cdd75-d1cc-4aea-94be-a7bb9e2a1896','e62fa7da-8781-4e60-9622-9a69a3e52f42','2024-01-01 19:04:24',NULL),('fbd2103c-99fb-42a8-ba8a-dfd26e431134','7e5cdd75-d1cc-4aea-94be-a7bb9e2a1896','e62fa7da-8781-4e60-9622-9a69a3e52f42','2024-01-01 19:02:01',NULL),('fefa5e3a-f455-45d8-85bc-a5cc556f9e35','7e5cdd75-d1cc-4aea-94be-a7bb9e2a1896','a2a4b76b-08ea-4169-a121-13a2fd225b36','2023-12-27 11:14:35',NULL);
/*!40000 ALTER TABLE `clock_in` ENABLE KEYS */;
UNLOCK TABLES;

--
-- Table structure for table `clock_in_employee`
--

DROP TABLE IF EXISTS `clock_in_employee`;
/*!40101 SET @saved_cs_client     = @@character_set_client */;
/*!50503 SET character_set_client = utf8mb4 */;
CREATE TABLE `clock_in_employee` (
  `id` char(36) COLLATE utf8mb4_unicode_ci NOT NULL COMMENT '(DC2Type:uuid)',
  `operation_id` char(36) COLLATE utf8mb4_unicode_ci NOT NULL COMMENT '(DC2Type:uuid)',
  PRIMARY KEY (`id`),
  KEY `IDX_47CD976544AC3583` (`operation_id`),
  CONSTRAINT `FK_47CD976544AC3583` FOREIGN KEY (`operation_id`) REFERENCES `operation` (`id`)
) ENGINE=InnoDB DEFAULT CHARSET=utf8mb4 COLLATE=utf8mb4_unicode_ci;
/*!40101 SET character_set_client = @saved_cs_client */;

--
-- Dumping data for table `clock_in_employee`
--

LOCK TABLES `clock_in_employee` WRITE;
/*!40000 ALTER TABLE `clock_in_employee` DISABLE KEYS */;
INSERT INTO `clock_in_employee` VALUES ('1a17f1ef-5986-4fbb-8f7b-8b8e1b8166fe','7e5cdd75-d1cc-4aea-94be-a7bb9e2a1896'),('1bec2d36-e097-4f3b-9603-cc11f974568b','7e5cdd75-d1cc-4aea-94be-a7bb9e2a1896'),('225c3e6e-8be1-4800-85eb-1d572db41d47','7e5cdd75-d1cc-4aea-94be-a7bb9e2a1896'),('310bece0-807b-4571-b4ba-be2a1a2f5e44','7e5cdd75-d1cc-4aea-94be-a7bb9e2a1896'),('3df9a2a3-6380-4563-8090-ae7dcc338faa','7e5cdd75-d1cc-4aea-94be-a7bb9e2a1896'),('3f79a491-7052-4274-a907-a2283ed76b68','7e5cdd75-d1cc-4aea-94be-a7bb9e2a1896'),('41fb30e9-5ee9-4eb6-b141-ac114f689dd3','7e5cdd75-d1cc-4aea-94be-a7bb9e2a1896'),('52c542fa-c3ea-44c4-a7a8-7c2cf83010cd','7e5cdd75-d1cc-4aea-94be-a7bb9e2a1896'),('548aeb9e-10ae-4d0e-be98-264c367cd539','7e5cdd75-d1cc-4aea-94be-a7bb9e2a1896'),('59d923f2-8faa-4665-9e6b-d9e67754a9e2','7e5cdd75-d1cc-4aea-94be-a7bb9e2a1896'),('63b25170-1ddf-426a-bc5f-58a67f98c2da','7e5cdd75-d1cc-4aea-94be-a7bb9e2a1896'),('72144fdc-99a3-44af-ac8f-edcda12dccba','7e5cdd75-d1cc-4aea-94be-a7bb9e2a1896'),('7d60a745-8c91-4f92-8e88-88eccfa59549','7e5cdd75-d1cc-4aea-94be-a7bb9e2a1896'),('80a07642-f720-4508-a86a-6c322b080ad4','7e5cdd75-d1cc-4aea-94be-a7bb9e2a1896'),('82e4913a-97c2-4373-9ed7-ca7ce9723dad','7e5cdd75-d1cc-4aea-94be-a7bb9e2a1896'),('90ab6817-00f2-489b-8856-dd55f42c8d14','7e5cdd75-d1cc-4aea-94be-a7bb9e2a1896'),('97c1d722-8737-4a47-88f7-01ec16d85ede','7e5cdd75-d1cc-4aea-94be-a7bb9e2a1896'),('a2a4b76b-08ea-4169-a121-13a2fd225b36','7e5cdd75-d1cc-4aea-94be-a7bb9e2a1896'),('a8a37171-c3b1-451c-9c4c-f3c9f77b06ed','7e5cdd75-d1cc-4aea-94be-a7bb9e2a1896'),('b69c3b53-321a-4cfa-87fa-f1505eb417f0','7e5cdd75-d1cc-4aea-94be-a7bb9e2a1896'),('bb1a57cb-e4b4-4bd2-84ed-7576bd1db181','7e5cdd75-d1cc-4aea-94be-a7bb9e2a1896'),('e62fa7da-8781-4e60-9622-9a69a3e52f42','7e5cdd75-d1cc-4aea-94be-a7bb9e2a1896'),('f2ebc822-dc6e-4667-846b-bf11edd03db6','7e5cdd75-d1cc-4aea-94be-a7bb9e2a1896'),('fe718124-ee80-4475-ab1c-317f013fca47','7e5cdd75-d1cc-4aea-94be-a7bb9e2a1896');
/*!40000 ALTER TABLE `clock_in_employee` ENABLE KEYS */;
UNLOCK TABLES;

--
-- Table structure for table `custom_field`
--

DROP TABLE IF EXISTS `custom_field`;
/*!40101 SET @saved_cs_client     = @@character_set_client */;
/*!50503 SET character_set_client = utf8mb4 */;
CREATE TABLE `custom_field` (
  `id` char(36) COLLATE utf8mb4_unicode_ci NOT NULL COMMENT '(DC2Type:uuid)',
  `operation_id` char(36) COLLATE utf8mb4_unicode_ci DEFAULT NULL COMMENT '(DC2Type:uuid)',
  `label` varchar(255) COLLATE utf8mb4_unicode_ci DEFAULT NULL,
  `type` int NOT NULL,
  `is_unique` tinyint(1) NOT NULL,
  `allways_fill` tinyint(1) NOT NULL,
  `is_required` tinyint(1) NOT NULL,
  PRIMARY KEY (`id`),
  KEY `IDX_98F8BD3144AC3583` (`operation_id`),
  CONSTRAINT `FK_98F8BD3144AC3583` FOREIGN KEY (`operation_id`) REFERENCES `operation` (`id`)
) ENGINE=InnoDB DEFAULT CHARSET=utf8mb4 COLLATE=utf8mb4_unicode_ci;
/*!40101 SET character_set_client = @saved_cs_client */;

--
-- Dumping data for table `custom_field`
--

LOCK TABLES `custom_field` WRITE;
/*!40000 ALTER TABLE `custom_field` DISABLE KEYS */;
INSERT INTO `custom_field` VALUES ('3809f851-d94d-445f-aaee-38937c2412d6','f1ef8359-cc22-4c37-8f41-3d4698a70eb5','Email',3,1,1,1),('4deeb366-1244-408d-98db-c4a92ffdbe6c','8a9fcfa0-26df-4419-b686-58a8a2e47944','Email',3,1,1,1),('4e522238-1da5-4a9e-a05b-06f657fc92db','4908530a-559f-4650-8fd0-1f2875c8213d','Email',3,1,1,1),('51a50f92-0dd3-42d2-b15b-9f2c4c157402','66080147-2225-47be-b111-442edd21bfff','Email',3,1,1,1),('65bb8836-2bf4-4b5d-be14-c0fd58cabf69','6957a264-898c-477d-b35c-5e135272a263','Email',3,1,1,1),('cd5f8d4d-8e93-4da1-9a89-5a7c6dd10989','7e5cdd75-d1cc-4aea-94be-a7bb9e2a1896','Nom',1,0,0,1),('f747c8ce-51a3-4a7c-a18f-ab0392afeb80','7e5cdd75-d1cc-4aea-94be-a7bb9e2a1896','Email',3,1,1,1);
/*!40000 ALTER TABLE `custom_field` ENABLE KEYS */;
UNLOCK TABLES;

--
-- Table structure for table `field_value`
--

DROP TABLE IF EXISTS `field_value`;
/*!40101 SET @saved_cs_client     = @@character_set_client */;
/*!50503 SET character_set_client = utf8mb4 */;
CREATE TABLE `field_value` (
  `id` char(36) COLLATE utf8mb4_unicode_ci NOT NULL COMMENT '(DC2Type:uuid)',
  `custom_field_id` char(36) COLLATE utf8mb4_unicode_ci NOT NULL COMMENT '(DC2Type:uuid)',
  `clock_in_employee_id` char(36) COLLATE utf8mb4_unicode_ci DEFAULT NULL COMMENT '(DC2Type:uuid)',
  `clock_in_id` char(36) COLLATE utf8mb4_unicode_ci DEFAULT NULL COMMENT '(DC2Type:uuid)',
  `value` varchar(255) COLLATE utf8mb4_unicode_ci NOT NULL,
  PRIMARY KEY (`id`),
  KEY `IDX_36D0CECFA1E5E0D4` (`custom_field_id`),
  KEY `IDX_36D0CECFF3886E6C` (`clock_in_employee_id`),
  KEY `IDX_36D0CECF16666715` (`clock_in_id`),
  CONSTRAINT `FK_36D0CECF16666715` FOREIGN KEY (`clock_in_id`) REFERENCES `clock_in` (`id`),
  CONSTRAINT `FK_36D0CECFA1E5E0D4` FOREIGN KEY (`custom_field_id`) REFERENCES `custom_field` (`id`),
  CONSTRAINT `FK_36D0CECFF3886E6C` FOREIGN KEY (`clock_in_employee_id`) REFERENCES `clock_in_employee` (`id`)
) ENGINE=InnoDB DEFAULT CHARSET=utf8mb4 COLLATE=utf8mb4_unicode_ci;
/*!40101 SET character_set_client = @saved_cs_client */;

--
-- Dumping data for table `field_value`
--

LOCK TABLES `field_value` WRITE;
/*!40000 ALTER TABLE `field_value` DISABLE KEYS */;
INSERT INTO `field_value` VALUES ('12a19ecc-5f5d-4661-8c8a-f1559b617623','cd5f8d4d-8e93-4da1-9a89-5a7c6dd10989','548aeb9e-10ae-4d0e-be98-264c367cd539',NULL,'mehdi'),('2fa2fcc5-a397-4a4f-9cb6-50f286f5993f','f747c8ce-51a3-4a7c-a18f-ab0392afeb80','e62fa7da-8781-4e60-9622-9a69a3e52f42',NULL,'mehdi@gmail.com'),('38083269-5306-480a-b7dd-3deb580c1934','cd5f8d4d-8e93-4da1-9a89-5a7c6dd10989','97c1d722-8737-4a47-88f7-01ec16d85ede',NULL,'oigdfoigfodi'),('38e6b3dc-55fc-4540-9342-e775ba7f7797','f747c8ce-51a3-4a7c-a18f-ab0392afeb80','548aeb9e-10ae-4d0e-be98-264c367cd539',NULL,'mehdimeh@gmail.com'),('46a2b441-152a-4f7a-bdc9-3ff92de497c2','f747c8ce-51a3-4a7c-a18f-ab0392afeb80','72144fdc-99a3-44af-ac8f-edcda12dccba',NULL,'dosifa@gmail.com'),('80bca716-055d-46db-a486-34329aa9b184','f747c8ce-51a3-4a7c-a18f-ab0392afeb80','1a17f1ef-5986-4fbb-8f7b-8b8e1b8166fe',NULL,'gfdh@mail.com'),('887492cc-674b-46ca-944f-c41ca4ed3451','cd5f8d4d-8e93-4da1-9a89-5a7c6dd10989','e62fa7da-8781-4e60-9622-9a69a3e52f42',NULL,'Stili'),('8b90d9eb-02cf-42e3-84c2-77bbe8da9872','f747c8ce-51a3-4a7c-a18f-ab0392afeb80','97c1d722-8737-4a47-88f7-01ec16d85ede',NULL,'ogioidfio@gmail.com'),('ba694c89-4ffb-40f5-9601-fc53fec24fb6','f747c8ce-51a3-4a7c-a18f-ab0392afeb80','b69c3b53-321a-4cfa-87fa-f1505eb417f0',NULL,'feoigoi@gmail.com'),('f70bc435-a341-4165-b63a-0eaf9352b6d7','f747c8ce-51a3-4a7c-a18f-ab0392afeb80','a2a4b76b-08ea-4169-a121-13a2fd225b36',NULL,'a@gmail.com');
/*!40000 ALTER TABLE `field_value` ENABLE KEYS */;
UNLOCK TABLES;

--
-- Table structure for table `folder`
--

DROP TABLE IF EXISTS `folder`;
/*!40101 SET @saved_cs_client     = @@character_set_client */;
/*!50503 SET character_set_client = utf8mb4 */;
CREATE TABLE `folder` (
  `id` char(36) COLLATE utf8mb4_unicode_ci NOT NULL COMMENT '(DC2Type:uuid)',
  `operation_id` char(36) COLLATE utf8mb4_unicode_ci NOT NULL COMMENT '(DC2Type:uuid)',
  `parent_id` char(36) COLLATE utf8mb4_unicode_ci DEFAULT NULL COMMENT '(DC2Type:uuid)',
  `name` varchar(255) COLLATE utf8mb4_unicode_ci NOT NULL,
  `root` tinyint(1) NOT NULL,
  `created_at` datetime NOT NULL,
  `updated_at` datetime NOT NULL,
  PRIMARY KEY (`id`),
  KEY `IDX_ECA209CD44AC3583` (`operation_id`),
  KEY `IDX_ECA209CD727ACA70` (`parent_id`),
  CONSTRAINT `FK_ECA209CD44AC3583` FOREIGN KEY (`operation_id`) REFERENCES `operation` (`id`),
  CONSTRAINT `FK_ECA209CD727ACA70` FOREIGN KEY (`parent_id`) REFERENCES `folder` (`id`)
) ENGINE=InnoDB DEFAULT CHARSET=utf8mb4 COLLATE=utf8mb4_unicode_ci;
/*!40101 SET character_set_client = @saved_cs_client */;

--
-- Dumping data for table `folder`
--

LOCK TABLES `folder` WRITE;
/*!40000 ALTER TABLE `folder` DISABLE KEYS */;
INSERT INTO `folder` VALUES ('043588d2-c90c-474c-9e50-7aabcd6f2424','f1ef8359-cc22-4c37-8f41-3d4698a70eb5','5e38d38f-3522-48c4-89fe-6400cf563bff','2. PLANNING',0,'2024-04-26 19:47:48','2024-04-26 19:47:48'),('06fedb5a-b9d4-466a-881b-f2e68693ea97','6957a264-898c-477d-b35c-5e135272a263',NULL,'Root',1,'2024-03-27 21:45:52','2024-03-27 21:45:52'),('09901f70-8e98-40b6-99ca-844c64739c44','f1ef8359-cc22-4c37-8f41-3d4698a70eb5','e650e67d-4311-49fc-8571-323248cb7547','5. MAI 2024',0,'2024-04-26 20:15:11','2024-04-26 20:15:16'),('1273ebf5-9d9c-4546-8487-8d236b163096','f1ef8359-cc22-4c37-8f41-3d4698a70eb5','ece86069-376b-4618-903a-fe33e679dae0','CQP Vérificateur',0,'2024-04-26 20:09:49','2024-04-26 20:09:49'),('16558e74-24ef-4d83-8b1a-cae5fb7722b1','8a9fcfa0-26df-4419-b686-58a8a2e47944','8d85ae58-0a16-4cfe-8be3-04a0aac46a86','CHRISTOPHER GONCALVEZ',0,'2024-11-26 13:32:08','2024-11-26 13:33:35'),('1bc545fd-15f3-4b16-af3c-75f71927d880','66080147-2225-47be-b111-442edd21bfff',NULL,'Root',1,'2024-09-05 10:54:00','2024-09-05 10:54:00'),('2b7f44fa-7c67-4397-8e23-5ce45e82096d','f1ef8359-cc22-4c37-8f41-3d4698a70eb5','ece86069-376b-4618-903a-fe33e679dae0','NDC',0,'2024-04-26 20:10:00','2024-04-26 20:10:00'),('303ddb4a-bcad-4d24-b898-80302e350a75','6957a264-898c-477d-b35c-5e135272a263','06fedb5a-b9d4-466a-881b-f2e68693ea97','1. CSPS',0,'2024-03-27 22:25:51','2024-03-27 22:25:51'),('3bbffe97-064f-488e-b132-06ff004c83d3','6957a264-898c-477d-b35c-5e135272a263','6e46cb46-0ab4-4e69-9146-3ab826264200','SDC',0,'2024-03-27 22:35:20','2024-03-27 22:35:20'),('46324779-e5d9-4f07-a71d-c68638d30dc3','6957a264-898c-477d-b35c-5e135272a263','303ddb4a-bcad-4d24-b898-80302e350a75','VIC',0,'2024-03-27 22:26:31','2024-03-27 22:26:31'),('491cdb5b-26dd-4292-a805-8e710b7c3fd4','6957a264-898c-477d-b35c-5e135272a263','6e46cb46-0ab4-4e69-9146-3ab826264200','SNEE',0,'2024-03-27 22:35:24','2024-03-27 22:35:24'),('4d057a63-7e39-4c7c-81fa-abd756830bf5','7e5cdd75-d1cc-4aea-94be-a7bb9e2a1896',NULL,'Root',1,'2023-12-22 16:53:41','2023-12-22 16:53:41'),('52ec9ee9-d946-4023-9edb-7172dcc4fc9a','6957a264-898c-477d-b35c-5e135272a263','ffaa90af-a4a5-4454-ab60-96c40beed381','04. AVRIL',0,'2024-03-27 22:39:58','2024-03-27 22:39:58'),('535e4185-66d7-4e38-841b-4c0595683567','8a9fcfa0-26df-4419-b686-58a8a2e47944','547db21e-1ae7-40a9-801a-73305838c589','ENGINS',0,'2024-11-26 13:26:10','2024-11-26 13:30:34'),('547db21e-1ae7-40a9-801a-73305838c589','8a9fcfa0-26df-4419-b686-58a8a2e47944',NULL,'Root',1,'2024-11-26 13:18:03','2024-11-26 13:18:03'),('5e38d38f-3522-48c4-89fe-6400cf563bff','f1ef8359-cc22-4c37-8f41-3d4698a70eb5',NULL,'Root',1,'2024-03-27 21:47:55','2024-03-27 21:47:55'),('650e9cfe-15fa-47c7-baef-7809b7754b12','f1ef8359-cc22-4c37-8f41-3d4698a70eb5','5e38d38f-3522-48c4-89fe-6400cf563bff','3. ENTREPRISES',0,'2024-04-26 19:47:55','2024-04-26 19:48:02'),('6876851d-fd72-4372-b6ad-264c5ab9f570','6957a264-898c-477d-b35c-5e135272a263','303ddb4a-bcad-4d24-b898-80302e350a75','PGC',0,'2024-03-27 22:26:27','2024-03-27 22:26:27'),('6e46cb46-0ab4-4e69-9146-3ab826264200','6957a264-898c-477d-b35c-5e135272a263','06fedb5a-b9d4-466a-881b-f2e68693ea97','3. ENTREPRISE',0,'2024-03-27 22:34:50','2024-03-27 22:34:50'),('77b75d86-5cf2-429c-81a3-e3318bb31412','6957a264-898c-477d-b35c-5e135272a263','8aacf52e-66f5-47bb-9eed-14e2feb48b6f','PPSPS',0,'2024-03-27 22:35:41','2024-03-27 22:35:41'),('78864a39-3cdc-4ed6-afc0-d11611b7db33','f1ef8359-cc22-4c37-8f41-3d4698a70eb5','e650e67d-4311-49fc-8571-323248cb7547','3. MARS 2024',0,'2024-04-26 20:14:53','2024-04-26 20:14:53'),('7dff22b9-5686-4db2-82cf-b936619927c3','7e5cdd75-d1cc-4aea-94be-a7bb9e2a1896','a3fef3dd-2370-4ec1-8e32-3b1ad1370159','test2',0,'2024-11-28 20:45:56','2024-11-28 20:45:56'),('857965c8-92e2-4c23-bc54-b144a273e50b','f1ef8359-cc22-4c37-8f41-3d4698a70eb5','e650e67d-4311-49fc-8571-323248cb7547','2. FEVRIER 2024',0,'2024-04-26 20:14:46','2024-04-26 20:14:46'),('86f3b40a-e60e-479e-92e4-b44a9148a573','6957a264-898c-477d-b35c-5e135272a263','06fedb5a-b9d4-466a-881b-f2e68693ea97','5. CONSIGNATION',0,'2024-03-27 22:46:47','2024-03-27 22:46:47'),('88cfa345-871e-4545-bf44-887cdff2f477','6957a264-898c-477d-b35c-5e135272a263','8dcef9ef-3d6d-4a7f-9543-c6066c82c6d3','CR REUNION',0,'2024-03-27 22:36:40','2024-03-27 22:36:40'),('8aacf52e-66f5-47bb-9eed-14e2feb48b6f','6957a264-898c-477d-b35c-5e135272a263','6e46cb46-0ab4-4e69-9146-3ab826264200','MEDINGER',0,'2024-03-27 22:34:57','2024-03-27 22:34:57'),('8d85ae58-0a16-4cfe-8be3-04a0aac46a86','8a9fcfa0-26df-4419-b686-58a8a2e47944','547db21e-1ae7-40a9-801a-73305838c589','FORMATIONS',0,'2024-11-26 13:30:30','2024-11-26 13:30:30'),('8dcef9ef-3d6d-4a7f-9543-c6066c82c6d3','6957a264-898c-477d-b35c-5e135272a263','6e46cb46-0ab4-4e69-9146-3ab826264200','MOE - 5-CINQ',0,'2024-03-27 22:35:11','2024-03-27 22:35:15'),('8e6640bd-6447-4e32-a17d-cb9e848206a2','f1ef8359-cc22-4c37-8f41-3d4698a70eb5','e650e67d-4311-49fc-8571-323248cb7547','6. JUIN 2024',0,'2024-04-26 20:15:38','2024-04-26 20:15:38'),('8ece3c7d-3d4f-4b2d-ae25-5b21c71c59e8','6957a264-898c-477d-b35c-5e135272a263','06fedb5a-b9d4-466a-881b-f2e68693ea97','6. PLAN',0,'2024-03-27 22:47:13','2024-03-27 22:47:13'),('8f692a01-9b29-4658-ab61-7ffd4c5d5922','f1ef8359-cc22-4c37-8f41-3d4698a70eb5','ece86069-376b-4618-903a-fe33e679dae0','PPSPS',0,'2024-04-26 20:10:09','2024-04-26 20:10:09'),('984e4d15-0011-41bb-9426-89edd0ab1ca6','6957a264-898c-477d-b35c-5e135272a263','ffaa90af-a4a5-4454-ab60-96c40beed381','03. MARS',0,'2024-03-27 22:39:53','2024-03-27 22:39:53'),('98548ebb-f962-4b42-bad4-96eabfdc2997','f1ef8359-cc22-4c37-8f41-3d4698a70eb5','e650e67d-4311-49fc-8571-323248cb7547','1. JANVIER 2024',0,'2024-04-26 20:14:38','2024-04-26 20:14:38'),('9b123bb6-6384-4323-aa4a-a0b92007be68','f1ef8359-cc22-4c37-8f41-3d4698a70eb5','ece86069-376b-4618-903a-fe33e679dae0','CQP Monteurs',0,'2024-04-26 20:09:43','2024-04-26 20:09:43'),('a177e081-d370-4ae1-a795-55b9a4f7418c','f1ef8359-cc22-4c37-8f41-3d4698a70eb5','5e38d38f-3522-48c4-89fe-6400cf563bff','4. SAFFOX',0,'2024-04-26 19:48:11','2024-04-26 19:48:11'),('a3fef3dd-2370-4ec1-8e32-3b1ad1370159','7e5cdd75-d1cc-4aea-94be-a7bb9e2a1896','4d057a63-7e39-4c7c-81fa-abd756830bf5','test pv',0,'2024-11-28 20:12:55','2024-11-28 20:13:06'),('ad0c83f9-567a-4120-aef9-36a24ee51d32','f1ef8359-cc22-4c37-8f41-3d4698a70eb5','650e9cfe-15fa-47c7-baef-7809b7754b12','ISOTOP',0,'2024-04-26 20:08:55','2024-04-26 20:08:55'),('bace5f86-8f30-4321-be7b-fec21da6dc20','6957a264-898c-477d-b35c-5e135272a263','303ddb4a-bcad-4d24-b898-80302e350a75','CR CSPS',0,'2024-03-27 22:26:16','2024-03-27 22:26:16'),('c3384d30-ee3a-4be4-b3c9-3a12080ab19e','6957a264-898c-477d-b35c-5e135272a263','06fedb5a-b9d4-466a-881b-f2e68693ea97','4. SAFFOX',0,'2024-03-27 22:39:34','2024-03-27 22:39:34'),('e2fea5ff-e9aa-4c5b-a8dd-c658dd07bc32','6957a264-898c-477d-b35c-5e135272a263','303ddb4a-bcad-4d24-b898-80302e350a75','CR PPSPS',0,'2024-03-27 22:26:22','2024-03-27 22:26:22'),('e650e67d-4311-49fc-8571-323248cb7547','f1ef8359-cc22-4c37-8f41-3d4698a70eb5','a177e081-d370-4ae1-a795-55b9a4f7418c','CR SAFFOX',0,'2024-04-26 20:14:28','2024-04-26 20:14:28'),('ece86069-376b-4618-903a-fe33e679dae0','f1ef8359-cc22-4c37-8f41-3d4698a70eb5','650e9cfe-15fa-47c7-baef-7809b7754b12','J4R',0,'2024-04-26 20:09:33','2024-04-26 20:09:33'),('f0add777-d8a9-4f21-9b96-9d87d5184559','f1ef8359-cc22-4c37-8f41-3d4698a70eb5','650e9cfe-15fa-47c7-baef-7809b7754b12','CHARI',0,'2024-04-26 20:08:30','2024-04-26 20:08:30'),('f490e2af-664d-4dc5-b1c2-0365376dc6ae','f1ef8359-cc22-4c37-8f41-3d4698a70eb5','ece86069-376b-4618-903a-fe33e679dae0','Plan',0,'2024-04-26 20:10:05','2024-04-26 20:10:05'),('f7b3533c-5764-46a6-8824-be463749869c','f1ef8359-cc22-4c37-8f41-3d4698a70eb5','e650e67d-4311-49fc-8571-323248cb7547','4. AVRIL 2024',0,'2024-04-26 20:15:04','2024-04-26 20:15:04'),('fada538d-1015-482e-a2bf-995899700983','6957a264-898c-477d-b35c-5e135272a263','06fedb5a-b9d4-466a-881b-f2e68693ea97','2. PLANNING',0,'2024-03-27 22:34:13','2024-03-27 22:34:13'),('fb5391bc-fc1c-479f-9752-0c0153861afd','7e5cdd75-d1cc-4aea-94be-a7bb9e2a1896','4d057a63-7e39-4c7c-81fa-abd756830bf5','Tutorials',0,'2024-01-18 10:59:45','2024-01-18 12:53:26'),('fca835e2-4aa8-4352-af1d-3fe15d5ddc2b','f1ef8359-cc22-4c37-8f41-3d4698a70eb5','ece86069-376b-4618-903a-fe33e679dae0','Facture Harnais',0,'2024-04-26 20:09:56','2024-04-26 20:09:56'),('fda4b5dc-3436-4e8c-ac6a-89f919492884','4908530a-559f-4650-8fd0-1f2875c8213d',NULL,'Root',1,'2024-03-27 21:48:38','2024-03-27 21:48:38'),('fe97b632-7045-47df-a94a-5e8c6b0c2ccb','f1ef8359-cc22-4c37-8f41-3d4698a70eb5','5e38d38f-3522-48c4-89fe-6400cf563bff','1. CSPS',0,'2024-04-26 19:47:39','2024-04-26 19:47:39'),('ffaa90af-a4a5-4454-ab60-96c40beed381','6957a264-898c-477d-b35c-5e135272a263','c3384d30-ee3a-4be4-b3c9-3a12080ab19e','CR SAFFOX',0,'2024-03-27 22:39:45','2024-03-27 22:39:45');
/*!40000 ALTER TABLE `folder` ENABLE KEYS */;
UNLOCK TABLES;

--
-- Table structure for table `folder_user`
--

DROP TABLE IF EXISTS `folder_user`;
/*!40101 SET @saved_cs_client     = @@character_set_client */;
/*!50503 SET character_set_client = utf8mb4 */;
CREATE TABLE `folder_user` (
  `folder_id` char(36) COLLATE utf8mb4_unicode_ci NOT NULL COMMENT '(DC2Type:uuid)',
  `user_id` char(36) COLLATE utf8mb4_unicode_ci NOT NULL COMMENT '(DC2Type:uuid)',
  PRIMARY KEY (`folder_id`,`user_id`),
  KEY `IDX_940CF05C162CB942` (`folder_id`),
  KEY `IDX_940CF05CA76ED395` (`user_id`),
  CONSTRAINT `FK_940CF05C162CB942` FOREIGN KEY (`folder_id`) REFERENCES `folder` (`id`) ON DELETE CASCADE,
  CONSTRAINT `FK_940CF05CA76ED395` FOREIGN KEY (`user_id`) REFERENCES `user` (`id`) ON DELETE CASCADE
) ENGINE=InnoDB DEFAULT CHARSET=utf8mb4 COLLATE=utf8mb4_unicode_ci;
/*!40101 SET character_set_client = @saved_cs_client */;

--
-- Dumping data for table `folder_user`
--

LOCK TABLES `folder_user` WRITE;
/*!40000 ALTER TABLE `folder_user` DISABLE KEYS */;
INSERT INTO `folder_user` VALUES ('16558e74-24ef-4d83-8b1a-cae5fb7722b1','ae858639-9fcd-45ff-8cf9-328fc4c11b54'),('a3fef3dd-2370-4ec1-8e32-3b1ad1370159','207a2a5c-6e65-4c41-8d3a-f6bc4e657eae');
/*!40000 ALTER TABLE `folder_user` ENABLE KEYS */;
UNLOCK TABLES;

--
-- Table structure for table `general_file`
--

DROP TABLE IF EXISTS `general_file`;
/*!40101 SET @saved_cs_client     = @@character_set_client */;
/*!50503 SET character_set_client = utf8mb4 */;
CREATE TABLE `general_file` (
  `id` char(36) COLLATE utf8mb4_unicode_ci NOT NULL COMMENT '(DC2Type:uuid)',
  `operation_id` char(36) COLLATE utf8mb4_unicode_ci NOT NULL COMMENT '(DC2Type:uuid)',
  `name` varchar(255) COLLATE utf8mb4_unicode_ci NOT NULL,
  `extension` varchar(255) COLLATE utf8mb4_unicode_ci DEFAULT NULL,
  `path` varchar(255) COLLATE utf8mb4_unicode_ci NOT NULL,
  `created_at` datetime NOT NULL,
  `updated_at` datetime NOT NULL,
  PRIMARY KEY (`id`),
  KEY `IDX_745C263144AC3583` (`operation_id`),
  CONSTRAINT `FK_745C263144AC3583` FOREIGN KEY (`operation_id`) REFERENCES `operation` (`id`)
) ENGINE=InnoDB DEFAULT CHARSET=utf8mb4 COLLATE=utf8mb4_unicode_ci;
/*!40101 SET character_set_client = @saved_cs_client */;

--
-- Dumping data for table `general_file`
--

LOCK TABLES `general_file` WRITE;
/*!40000 ALTER TABLE `general_file` DISABLE KEYS */;
INSERT INTO `general_file` VALUES ('5674eaf0-4497-423b-8729-f4325782bfc7','7e5cdd75-d1cc-4aea-94be-a7bb9e2a1896','0x0.png','png','658ed05520bde_0x0.png','2023-12-29 13:57:41','2023-12-29 13:57:41'),('769255c7-db75-479c-b6b3-6ba233b49348','7e5cdd75-d1cc-4aea-94be-a7bb9e2a1896','logo.svg','svg','658ed08cde0d5_logo.svg','2023-12-29 13:58:36','2023-12-29 13:58:36'),('9d5409d6-20ec-419a-aee4-6136e87da89d','7e5cdd75-d1cc-4aea-94be-a7bb9e2a1896','logo.svg','svg','658ed48dcc8a5_logo.svg','2023-12-29 14:15:41','2023-12-29 14:15:41'),('b986c008-9960-42a8-a58f-dc2dbd2c611d','7e5cdd75-d1cc-4aea-94be-a7bb9e2a1896','logo-3.svg','svg','658ecda0927f6_logo-3.svg','2023-12-29 13:46:08','2023-12-29 13:46:08'),('cdc386c7-478b-4de2-b786-2c194a2b8460','7e5cdd75-d1cc-4aea-94be-a7bb9e2a1896','0x0.png','png','658ed0909aacc_0x0.png','2023-12-29 13:58:40','2023-12-29 13:58:40'),('ddeaa597-06cb-4a59-beb4-03f9601c74c2','7e5cdd75-d1cc-4aea-94be-a7bb9e2a1896','0x0.png','png','65930c7d49aea_0x0.png','2024-01-01 19:03:25','2024-01-01 19:03:25');
/*!40000 ALTER TABLE `general_file` ENABLE KEYS */;
UNLOCK TABLES;

--
-- Table structure for table `mail`
--

DROP TABLE IF EXISTS `mail`;
/*!40101 SET @saved_cs_client     = @@character_set_client */;
/*!50503 SET character_set_client = utf8mb4 */;
CREATE TABLE `mail` (
  `id` int NOT NULL AUTO_INCREMENT,
  `content` varchar(255) COLLATE utf8mb4_unicode_ci NOT NULL,
  PRIMARY KEY (`id`)
) ENGINE=InnoDB DEFAULT CHARSET=utf8mb4 COLLATE=utf8mb4_unicode_ci;
/*!40101 SET character_set_client = @saved_cs_client */;

--
-- Dumping data for table `mail`
--

LOCK TABLES `mail` WRITE;
/*!40000 ALTER TABLE `mail` DISABLE KEYS */;
/*!40000 ALTER TABLE `mail` ENABLE KEYS */;
UNLOCK TABLES;

--
-- Table structure for table `media_object`
--

DROP TABLE IF EXISTS `media_object`;
/*!40101 SET @saved_cs_client     = @@character_set_client */;
/*!50503 SET character_set_client = utf8mb4 */;
CREATE TABLE `media_object` (
  `id` char(36) COLLATE utf8mb4_unicode_ci NOT NULL COMMENT '(DC2Type:uuid)',
  `operation_id` char(36) COLLATE utf8mb4_unicode_ci NOT NULL COMMENT '(DC2Type:uuid)',
  `name` varchar(255) COLLATE utf8mb4_unicode_ci NOT NULL,
  `extension` varchar(255) COLLATE utf8mb4_unicode_ci DEFAULT NULL,
  `path` varchar(255) COLLATE utf8mb4_unicode_ci NOT NULL,
  `created_at` datetime NOT NULL,
  `updated_at` datetime NOT NULL,
  `folder_id` char(36) COLLATE utf8mb4_unicode_ci DEFAULT NULL COMMENT '(DC2Type:uuid)',
  `size` bigint NOT NULL,
  PRIMARY KEY (`id`),
  KEY `IDX_14D4313244AC3583` (`operation_id`),
  KEY `IDX_14D43132162CB942` (`folder_id`),
  CONSTRAINT `FK_14D43132162CB942` FOREIGN KEY (`folder_id`) REFERENCES `folder` (`id`),
  CONSTRAINT `FK_14D4313244AC3583` FOREIGN KEY (`operation_id`) REFERENCES `operation` (`id`)
) ENGINE=InnoDB DEFAULT CHARSET=utf8mb4 COLLATE=utf8mb4_unicode_ci;
/*!40101 SET character_set_client = @saved_cs_client */;

--
-- Dumping data for table `media_object`
--

LOCK TABLES `media_object` WRITE;
/*!40000 ALTER TABLE `media_object` DISABLE KEYS */;
INSERT INTO `media_object` VALUES ('01eca76e-6b65-48ab-a314-0150f4c617f6','6957a264-898c-477d-b35c-5e135272a263','PERMIS D EXCA SDC.jpg','jpg','66049fafa0ef1_PERMIS D EXCA SDC.jpg','2024-03-27 22:37:35','2024-11-27 15:13:52','3bbffe97-064f-488e-b132-06ff004c83d3',100307),('0390af60-6812-48b4-90e2-13458e97c4ce','f1ef8359-cc22-4c37-8f41-3d4698a70eb5','120523 - CR Permanent SAFFOX - Terrasse R099.pptx','pptx','662c0c84b3651_120523 - CR Permanent SAFFOX - Terrasse R099.pptx','2024-04-26 20:20:20','2024-04-26 20:21:56','09901f70-8e98-40b6-99ca-844c64739c44',25252324),('043206b2-2a7a-4d0b-928b-61242449437e','6957a264-898c-477d-b35c-5e135272a263','DOC PRESENTATION CRAMIF DU 25 01 24 .pdf','pdf','6604a20ca5dff_DOC PRESENTATION CRAMIF DU 25 01 24 .pdf','2024-03-27 22:47:40','2024-11-27 15:13:52','06fedb5a-b9d4-466a-881b-f2e68693ea97',4230416),('049e14b8-8e9e-41c4-a434-e0cb9e8bc1ad','6957a264-898c-477d-b35c-5e135272a263','26032024 - CR Permanent SAFFOX - CASEY\'S CORNER (1).pptx','pptx','6604a0530d2f4_26032024 - CR Permanent SAFFOX - CASEY\'S CORNER (1).pptx','2024-03-27 22:40:19','2024-11-27 15:13:52','984e4d15-0011-41bb-9426-89edd0ab1ca6',1424391),('049f6e0f-ede2-46ef-9497-ae4ed0addc28','6957a264-898c-477d-b35c-5e135272a263','27032024 - CR Permanent SAFFOX - CASEY\'S CORNER.pptx','pptx','6604a05686cb5_27032024 - CR Permanent SAFFOX - CASEY\'S CORNER.pptx','2024-03-27 22:40:22','2024-11-27 15:13:52','984e4d15-0011-41bb-9426-89edd0ab1ca6',1353366),('05c160fd-99c5-4fd3-9bf9-f9c8c74e2f9e','f1ef8359-cc22-4c37-8f41-3d4698a70eb5','220223 - CR Permanent SAFFOX - Fantasia Gelati.pdf','pdf','662c0be5b39b0_220223 - CR Permanent SAFFOX - Fantasia Gelati.pdf','2024-04-26 20:17:41','2024-04-26 20:21:56','857965c8-92e2-4c23-bc54-b144a273e50b',595358),('06d616e6-1a98-4c90-8c69-57a962ae8ff8','6957a264-898c-477d-b35c-5e135272a263','IDDIS230310A_RJ013_IC MEDINGER et FILS_24021.pdf','pdf','66049ec251729_IDDIS230310A_RJ013_IC MEDINGER et FILS_24021.pdf','2024-03-27 22:33:38','2024-11-27 15:13:52','46324779-e5d9-4f07-a71d-c68638d30dc3',403516),('06d89894-b993-43f5-8e6d-166a66664667','f1ef8359-cc22-4c37-8f41-3d4698a70eb5','010623 - CR Permanent SAFFOX - Terrasse R099.pdf','pdf','662c0ca2ad0be_010623 - CR Permanent SAFFOX - Terrasse R099.pdf','2024-04-26 20:20:50','2024-04-26 20:21:56','8e6640bd-6447-4e32-a17d-cb9e848206a2',1288800),('0867928f-bfb5-45e5-b073-e2d8c75c5e1d','f1ef8359-cc22-4c37-8f41-3d4698a70eb5','100223 - CR Permanent SAFFOX - Fantasia Gelati.pdf','pdf','662c0be669df7_100223 - CR Permanent SAFFOX - Fantasia Gelati.pdf','2024-04-26 20:17:42','2024-04-26 20:21:56','857965c8-92e2-4c23-bc54-b144a273e50b',869835),('09c3eb9f-24a0-41c4-9d8d-05d9b3652615','f1ef8359-cc22-4c37-8f41-3d4698a70eb5','080623 - CR Permanent SAFFOX - Terrasse R099.pdf','pdf','662c0cadb710b_080623 - CR Permanent SAFFOX - Terrasse R099.pdf','2024-04-26 20:21:01','2024-04-26 20:21:56','8e6640bd-6447-4e32-a17d-cb9e848206a2',1448091),('0a9c3d2b-56d5-45c4-8c76-4fb394dc3496','6957a264-898c-477d-b35c-5e135272a263','5264-DISNEY-CASEY-S-CORNER---CRC-n-00.pdf','pdf','66049f85dce28_5264-DISNEY-CASEY-S-CORNER---CRC-n-00.pdf','2024-03-27 22:36:53','2024-11-27 15:13:52','88cfa345-871e-4545-bf44-887cdff2f477',460996),('0acb1dcc-1857-454b-b22c-6ffa9a8bdd83','f1ef8359-cc22-4c37-8f41-3d4698a70eb5','050523 - CR Permanent SAFFOX - Terrasse R099.pptx','pptx','662c0c824452e_050523 - CR Permanent SAFFOX - Terrasse R099.pptx','2024-04-26 20:20:18','2024-04-26 20:21:56','09901f70-8e98-40b6-99ca-844c64739c44',15476158),('0b85aef1-5a1d-48b2-bce3-fdb10232435a','f1ef8359-cc22-4c37-8f41-3d4698a70eb5','240523 - CR Permanent SAFFOX - Terrasse R099.pptx','pptx','662c0c8688812_240523 - CR Permanent SAFFOX - Terrasse R099.pptx','2024-04-26 20:20:22','2024-04-26 20:21:56','09901f70-8e98-40b6-99ca-844c64739c44',21313044),('0b8ca4f8-062f-4194-8d26-aa60bc20ed80','6957a264-898c-477d-b35c-5e135272a263','15032024 - CR Permanent SAFFOX - CASEY\'S CORNER-1.pdf','pdf','6604a04e3925a_15032024 - CR Permanent SAFFOX - CASEY\'S CORNER-1.pdf','2024-03-27 22:40:14','2024-11-27 15:13:52','984e4d15-0011-41bb-9426-89edd0ab1ca6',731713),('0c2d6d2b-d3ab-49b2-be56-80adc0eb73bc','f1ef8359-cc22-4c37-8f41-3d4698a70eb5','240523 - CR Permanent SAFFOX - Terrasse R099.pdf','pdf','662c0c8325c8e_240523 - CR Permanent SAFFOX - Terrasse R099.pdf','2024-04-26 20:20:19','2024-04-26 20:21:56','09901f70-8e98-40b6-99ca-844c64739c44',677657),('128d7c50-97dc-42b8-be64-596e630dd117','6957a264-898c-477d-b35c-5e135272a263','PPSPS VRD MEDINGER - CASEY\'S CORNER - C.pdf','pdf','66049f6288937_PPSPS VRD MEDINGER - CASEY\'S CORNER - C.pdf','2024-03-27 22:36:18','2024-11-27 15:13:52','77b75d86-5cf2-429c-81a3-e3318bb31412',5341554),('15e23319-9329-4bc8-abdb-e9ae0c3e111e','f1ef8359-cc22-4c37-8f41-3d4698a70eb5','090223 - CR Permanent SAFFOX - Fantasia Gelati.pptx','pptx','662c0be7051fe_090223 - CR Permanent SAFFOX - Fantasia Gelati.pptx','2024-04-26 20:17:43','2024-04-26 20:21:56','857965c8-92e2-4c23-bc54-b144a273e50b',1425937),('1648a7b4-b881-4b8a-81b2-9d0aa1534361','f1ef8359-cc22-4c37-8f41-3d4698a70eb5','270123 - CR Permanent SAFFOX - Fantasia Gelati.pptx','pptx','662c0bcf642fa_270123 - CR Permanent SAFFOX - Fantasia Gelati.pptx','2024-04-26 20:17:19','2024-04-26 20:21:56','98548ebb-f962-4b42-bad4-96eabfdc2997',1053014),('1686ddcd-525d-4367-bab8-558d5849cd41','6957a264-898c-477d-b35c-5e135272a263','LEVEE OBSERVATION VGP MEDINGER.pdf','pdf','66049f522bba4_LEVEE OBSERVATION VGP MEDINGER.pdf','2024-03-27 22:36:02','2024-11-27 15:13:52','8aacf52e-66f5-47bb-9eed-14e2feb48b6f',61934),('17284350-8ba3-4778-89b0-c207f2671f48','f1ef8359-cc22-4c37-8f41-3d4698a70eb5','100123 - CR Permanent SAFFOX - FANTASIA GELATI.pdf','pdf','662c0b74ad79e_100123 - CR Permanent SAFFOX - FANTASIA GELATI.pdf','2024-04-26 20:15:48','2024-04-26 20:21:56','98548ebb-f962-4b42-bad4-96eabfdc2997',923215),('17633c04-cbb9-4558-af84-c2cea9d931c0','f1ef8359-cc22-4c37-8f41-3d4698a70eb5','020623 - CR Permanent SAFFOX - Terrasse R099.pdf','pdf','662c0cae8f65b_020623 - CR Permanent SAFFOX - Terrasse R099.pdf','2024-04-26 20:21:02','2024-04-26 20:21:56','8e6640bd-6447-4e32-a17d-cb9e848206a2',1314768),('19ac0fee-6c4d-4585-8a2e-a419c55f58e0','f1ef8359-cc22-4c37-8f41-3d4698a70eb5','080223 - CR Permanent SAFFOX - FANTASIA GELATI.pdf','pdf','662c0be658291_080223 - CR Permanent SAFFOX - FANTASIA GELATI.pdf','2024-04-26 20:17:42','2024-04-26 20:21:56','857965c8-92e2-4c23-bc54-b144a273e50b',1510725),('19f4f093-3f5a-492a-bc98-ca834e0c8413','f1ef8359-cc22-4c37-8f41-3d4698a70eb5','160223 - CR Permanent SAFFOX - Fantasia Gelati.pptx','pptx','662c0be5b130a_160223 - CR Permanent SAFFOX - Fantasia Gelati.pptx','2024-04-26 20:17:41','2024-04-26 20:21:56','857965c8-92e2-4c23-bc54-b144a273e50b',999165),('1a2cbdae-15fb-42c8-8110-755b5857a811','f1ef8359-cc22-4c37-8f41-3d4698a70eb5','080223 - CR Permanent SAFFOX - Fantasia Gelati.pptx','pptx','662c0be6b7b55_080223 - CR Permanent SAFFOX - Fantasia Gelati.pptx','2024-04-26 20:17:42','2024-04-26 20:21:56','857965c8-92e2-4c23-bc54-b144a273e50b',3889553),('1b5d0a07-a7ff-4fcb-84f2-d96609a5bff9','f1ef8359-cc22-4c37-8f41-3d4698a70eb5','090223 - CR Permanent SAFFOX - FANTASIA GELATI.pdf','pdf','662c0be66e028_090223 - CR Permanent SAFFOX - FANTASIA GELATI.pdf','2024-04-26 20:17:42','2024-04-26 20:21:56','857965c8-92e2-4c23-bc54-b144a273e50b',1248299),('1bd1dfc9-0f8d-4ad7-aa5c-4b207c2ef642','f1ef8359-cc22-4c37-8f41-3d4698a70eb5','270623 - CR Permanent SAFFOX - Terrasse R099_Toiture C1 et C2.pptx','pptx','662c0cab2c3fe_270623 - CR Permanent SAFFOX - Terrasse R099_Toiture C1 et C2.pptx','2024-04-26 20:20:59','2024-04-26 20:21:56','8e6640bd-6447-4e32-a17d-cb9e848206a2',37696865),('1e724d1c-439a-4d82-88f3-54797c623246','f1ef8359-cc22-4c37-8f41-3d4698a70eb5','250423 - CR Permanent SAFFOX - Terrasse R099.pdf','pdf','662c0c3b3f2dc_250423 - CR Permanent SAFFOX - Terrasse R099.pdf','2024-04-26 20:19:07','2024-04-26 20:21:56','f7b3533c-5764-46a6-8824-be463749869c',4879018),('1eaa2d84-48ae-4fc3-8111-7e48457df77b','6957a264-898c-477d-b35c-5e135272a263','07032024 - CR Permanent SAFFOX - CASEY\'S CORNER.pdf','pdf','6604a05023de8_07032024 - CR Permanent SAFFOX - CASEY\'S CORNER.pdf','2024-03-27 22:40:16','2024-11-27 15:13:52','984e4d15-0011-41bb-9426-89edd0ab1ca6',1652496),('21ea4cb1-0aae-4669-99f3-7c9d26fd5019','f1ef8359-cc22-4c37-8f41-3d4698a70eb5','140623 - CR Permanent SAFFOX - Terrasse R099.pptx','pptx','662c0cb1c5414_140623 - CR Permanent SAFFOX - Terrasse R099.pptx','2024-04-26 20:21:05','2024-04-26 20:21:56','8e6640bd-6447-4e32-a17d-cb9e848206a2',24909308),('22101664-1426-4cfd-9140-59829277abb4','6957a264-898c-477d-b35c-5e135272a263','IDDIS230309A_RJ008_PGC CASEY\'S CORNER_240126.pdf','pdf','66049d523d2c6_IDDIS230309A_RJ008_PGC CASEY\'S CORNER_240126.pdf','2024-03-27 22:27:30','2024-11-27 15:13:52','6876851d-fd72-4372-b6ad-264c5ab9f570',4088820),('22e71998-c0a6-4eed-ba48-ee802b340e56','f1ef8359-cc22-4c37-8f41-3d4698a70eb5','PPSPS J4R et BA.pdf','pdf','662c0b102cd9b_PPSPS J4R et BA.pdf','2024-04-26 20:14:08','2024-04-26 20:21:56','8f692a01-9b29-4658-ab61-7ffd4c5d5922',1182609),('2333796e-a08b-4def-8850-39545b7e22df','f1ef8359-cc22-4c37-8f41-3d4698a70eb5','Fantasyland-PPSPS-Iso-top-edF.pdf','pdf','662c09e36ff16_Fantasyland-PPSPS-Iso-top-edF.pdf','2024-04-26 20:09:07','2024-04-26 20:21:56','ad0c83f9-567a-4120-aef9-36a24ee51d32',748238),('2694ea61-b64e-47d4-b0d6-9bf9d30bf8ba','6957a264-898c-477d-b35c-5e135272a263','IDDIS230310A_RJ015_IC IDRD_240215.pdf','pdf','66049ec2251b7_IDDIS230310A_RJ015_IC IDRD_240215.pdf','2024-03-27 22:33:38','2024-11-27 15:13:52','46324779-e5d9-4f07-a71d-c68638d30dc3',399382),('275d0a9e-5c7b-48a2-b8da-9261c6a21019','6957a264-898c-477d-b35c-5e135272a263','06032024 - CR Permanent SAFFOX - CASEY\'S CORNER.pptx','pptx','6604a058d7ad2_06032024 - CR Permanent SAFFOX - CASEY\'S CORNER.pptx','2024-03-27 22:40:24','2024-11-27 15:13:52','984e4d15-0011-41bb-9426-89edd0ab1ca6',5893553),('28956e1a-2045-4200-a593-795c990f9c0d','f1ef8359-cc22-4c37-8f41-3d4698a70eb5','210423 - CR Permanent SAFFOX - Terrasse R099.pdf','pdf','662c0c3accd2b_210423 - CR Permanent SAFFOX - Terrasse R099.pdf','2024-04-26 20:19:06','2024-04-26 20:21:56','f7b3533c-5764-46a6-8824-be463749869c',384885),('2bc89df4-ec15-4c8c-a086-a9690eac990a','f1ef8359-cc22-4c37-8f41-3d4698a70eb5','120523 - CR Permanent SAFFOX - Terrasse R099.pdf','pdf','662c0c809ecca_120523 - CR Permanent SAFFOX - Terrasse R099.pdf','2024-04-26 20:20:16','2024-04-26 20:21:56','09901f70-8e98-40b6-99ca-844c64739c44',541813),('2c163879-3630-453d-8fc3-fc52637c5a92','f1ef8359-cc22-4c37-8f41-3d4698a70eb5','200423 - CR Permanent SAFFOX - Terrasse R099.pdf','pdf','662c0c3b4601b_200423 - CR Permanent SAFFOX - Terrasse R099.pdf','2024-04-26 20:19:07','2024-04-26 20:21:56','f7b3533c-5764-46a6-8824-be463749869c',3795141),('2c185ca0-0716-42ef-8540-2f394c147e2c','6957a264-898c-477d-b35c-5e135272a263','IDDIS230310A_RJ031_PGC CASEY’S CORNER MAJ_240301.pdf','pdf','66049d520e31c_IDDIS230310A_RJ031_PGC CASEY’S CORNER MAJ_240301.pdf','2024-03-27 22:27:30','2024-11-27 15:13:52','6876851d-fd72-4372-b6ad-264c5ab9f570',4143751),('2c98822b-e9fd-4b1b-97bd-9cb02310f6b2','f1ef8359-cc22-4c37-8f41-3d4698a70eb5','290623 - CR Permanent SAFFOX - Terrasse R099_Toiture C1 et C2.pdf','pdf','662c0cae1cad0_290623 - CR Permanent SAFFOX - Terrasse R099_Toiture C1 et C2.pdf','2024-04-26 20:21:02','2024-04-26 20:21:56','8e6640bd-6447-4e32-a17d-cb9e848206a2',1197038),('2d14a80b-2c02-477f-a506-0e166227be60','6957a264-898c-477d-b35c-5e135272a263','VGP NACELLE.pdf','pdf','6604a01066368_VGP NACELLE.pdf','2024-03-27 22:39:12','2024-11-27 15:13:52','491cdb5b-26dd-4292-a805-8e710b7c3fd4',394096),('2d9bbe7f-4b95-4cc9-899d-2b16e62b2b6c','f1ef8359-cc22-4c37-8f41-3d4698a70eb5','280423 - CR Permanent SAFFOX - Terrasse R099.pdf','pdf','662c0c3b42bca_280423 - CR Permanent SAFFOX - Terrasse R099.pdf','2024-04-26 20:19:07','2024-04-26 20:21:56','f7b3533c-5764-46a6-8824-be463749869c',347313),('2da97043-ddd9-4fe4-918a-bdf46485a870','6957a264-898c-477d-b35c-5e135272a263','Rapport_final_effet_de_site_Casey Corner -Disneyland_v1.0.pdf','pdf','6604a2049287e_Rapport_final_effet_de_site_Casey Corner -Disneyland_v1.0.pdf','2024-03-27 22:47:32','2024-11-27 15:13:52','8ece3c7d-3d4f-4b2d-ae25-5b21c71c59e8',13701871),('2eb7d588-7359-4ed8-8759-36b7a786a784','6957a264-898c-477d-b35c-5e135272a263','09032024 - CR Permanent SAFFOX - CASEY\'S CORNER-7.pdf','pdf','6604a053dd1ab_09032024 - CR Permanent SAFFOX - CASEY\'S CORNER-7.pdf','2024-03-27 22:40:19','2024-11-27 15:13:52','984e4d15-0011-41bb-9426-89edd0ab1ca6',783229),('30252a15-7fad-4bd2-9423-60ada5b2926e','f1ef8359-cc22-4c37-8f41-3d4698a70eb5','2364_230627160142_001.pdf','pdf','662c0ae9a2ddd_2364_230627160142_001.pdf','2024-04-26 20:13:29','2024-04-26 20:21:56','fca835e2-4aa8-4352-af1d-3fe15d5ddc2b',177499),('3287f8ae-b1bf-45f8-b4fb-9921a8cea7b0','f1ef8359-cc22-4c37-8f41-3d4698a70eb5','050523 - CR Permanent SAFFOX - Terrasse R099.pdf','pdf','662c0c82dbf09_050523 - CR Permanent SAFFOX - Terrasse R099.pdf','2024-04-26 20:20:18','2024-04-26 20:21:56','09901f70-8e98-40b6-99ca-844c64739c44',421348),('339ce2af-3ce1-4184-8597-71b685441bb9','f1ef8359-cc22-4c37-8f41-3d4698a70eb5','140223 - CR Permanent SAFFOX - Fantasia Gelati.pptx','pptx','662c0be63ddc2_140223 - CR Permanent SAFFOX - Fantasia Gelati.pptx','2024-04-26 20:17:42','2024-04-26 20:21:56','857965c8-92e2-4c23-bc54-b144a273e50b',2864861),('34b58276-ad6d-4f0c-bb22-d5d856573498','f1ef8359-cc22-4c37-8f41-3d4698a70eb5','280423 - CR Permanent SAFFOX - Terrasse R099.pptx','pptx','662c0c3c53c42_280423 - CR Permanent SAFFOX - Terrasse R099.pptx','2024-04-26 20:19:08','2024-04-26 20:21:56','f7b3533c-5764-46a6-8824-be463749869c',3523030),('35860b92-5aef-4dac-ae9a-5940eb5d7d70','6957a264-898c-477d-b35c-5e135272a263','16032024 - CR Permanent SAFFOX - CASEY\'S CORNER (1).pptx','pptx','6604a052c36c4_16032024 - CR Permanent SAFFOX - CASEY\'S CORNER (1).pptx','2024-03-27 22:40:18','2024-11-27 15:13:52','984e4d15-0011-41bb-9426-89edd0ab1ca6',1728120),('37e22f8e-796a-4b73-8920-09a2ab45eb9d','f1ef8359-cc22-4c37-8f41-3d4698a70eb5','110123 - CR Permanent SAFFOX - Fantasia Gelati.pptx','pptx','662c0bcf63e4a_110123 - CR Permanent SAFFOX - Fantasia Gelati.pptx','2024-04-26 20:17:19','2024-04-26 20:21:56','98548ebb-f962-4b42-bad4-96eabfdc2997',1660053),('388952c4-4b29-4055-922f-e3f5f3bc1966','f1ef8359-cc22-4c37-8f41-3d4698a70eb5','260523 - CR Permanent SAFFOX - Terrasse R099.pptx','pptx','662c0c82534a6_260523 - CR Permanent SAFFOX - Terrasse R099.pptx','2024-04-26 20:20:18','2024-04-26 20:21:56','09901f70-8e98-40b6-99ca-844c64739c44',29064777),('389b653a-016b-4a2f-9a11-1d23e77335c9','f1ef8359-cc22-4c37-8f41-3d4698a70eb5','110523 - CR Permanent SAFFOX - Terrasse R099.pdf','pdf','662c0c864b91e_110523 - CR Permanent SAFFOX - Terrasse R099.pdf','2024-04-26 20:20:22','2024-04-26 20:21:56','09901f70-8e98-40b6-99ca-844c64739c44',602947),('3abceacf-f020-485c-9608-73460e8d0138','f1ef8359-cc22-4c37-8f41-3d4698a70eb5','150623 - CR Permanent SAFFOX - Terrasse R099.pdf','pdf','662c0cae81b4f_150623 - CR Permanent SAFFOX - Terrasse R099.pdf','2024-04-26 20:21:02','2024-04-26 20:21:56','8e6640bd-6447-4e32-a17d-cb9e848206a2',811922),('3ca2117a-d8c2-4a8a-a8a7-eb344db02a20','f1ef8359-cc22-4c37-8f41-3d4698a70eb5','300623 - CR Permanent SAFFOX - Terrasse R099_Toiture C1 et C2.pdf','pdf','662c0cad5226d_300623 - CR Permanent SAFFOX - Terrasse R099_Toiture C1 et C2.pdf','2024-04-26 20:21:01','2024-04-26 20:21:56','8e6640bd-6447-4e32-a17d-cb9e848206a2',1116192),('3d504602-c197-4436-a318-3d17374f1427','6957a264-898c-477d-b35c-5e135272a263','VGP SDC.jpg','jpg','66049fafa71dc_VGP SDC.jpg','2024-03-27 22:37:35','2024-11-27 15:13:52','3bbffe97-064f-488e-b132-06ff004c83d3',34319),('400501c0-bcbe-4ac6-8730-d06f5424ebe4','6957a264-898c-477d-b35c-5e135272a263','21032024 - CR Permanent SAFFOX - CASEY\'S CORNER.pptx','pptx','6604a05198843_21032024 - CR Permanent SAFFOX - CASEY\'S CORNER.pptx','2024-03-27 22:40:17','2024-11-27 15:13:52','984e4d15-0011-41bb-9426-89edd0ab1ca6',1468099),('40cb1042-6482-409b-b631-aef29bb05415','6957a264-898c-477d-b35c-5e135272a263','20032024 - CR Permanent SAFFOX - CASEY\'S CORNER .pptx','pptx','6604a0509f041_20032024 - CR Permanent SAFFOX - CASEY\'S CORNER .pptx','2024-03-27 22:40:16','2024-11-27 15:13:52','984e4d15-0011-41bb-9426-89edd0ab1ca6',1648781),('489ffb57-2cc6-47db-a89e-bc37f370349f','f1ef8359-cc22-4c37-8f41-3d4698a70eb5','280623 - CR Permanent SAFFOX - Terrasse R099_Toiture C1 et C2.pdf','pdf','662c0ca9da8a2_280623 - CR Permanent SAFFOX - Terrasse R099_Toiture C1 et C2.pdf','2024-04-26 20:20:57','2024-04-26 20:21:56','8e6640bd-6447-4e32-a17d-cb9e848206a2',879342),('48b80eb1-36f6-43cd-a747-0803f92c8092','f1ef8359-cc22-4c37-8f41-3d4698a70eb5','180523 - CR Permanent SAFFOX - Terrasse R099.pdf','pdf','662c0c8277ab1_180523 - CR Permanent SAFFOX - Terrasse R099.pdf','2024-04-26 20:20:18','2024-04-26 20:21:56','09901f70-8e98-40b6-99ca-844c64739c44',570052),('4a14de27-863e-4762-b94d-775ab0ca8a42','6957a264-898c-477d-b35c-5e135272a263','IDDIS230310A_RJ008_PGC CASEY_S CORNER_240126.pdf','pdf','66049d53783da_IDDIS230310A_RJ008_PGC CASEY_S CORNER_240126.pdf','2024-03-27 22:27:31','2024-11-27 15:13:52','6876851d-fd72-4372-b6ad-264c5ab9f570',4088820),('4a519ea2-2610-4605-96da-97862b9341c1','6957a264-898c-477d-b35c-5e135272a263','21032024 - CR Permanent SAFFOX - CASEY\'S CORNER.pdf','pdf','6604a0559b996_21032024 - CR Permanent SAFFOX - CASEY\'S CORNER.pdf','2024-03-27 22:40:21','2024-11-27 15:13:52','984e4d15-0011-41bb-9426-89edd0ab1ca6',855086),('4b873092-6b1c-40a4-85f3-aa605439746f','6957a264-898c-477d-b35c-5e135272a263','IDDIS230310A_RJ010_CRV Réunion de lancement COUVERTURE DE LA TERRASSE DU CASEY_S COR et PHOT.pdf','pdf','66049d2602854_IDDIS230310A_RJ010_CRV Réunion de lancement COUVERTURE DE LA TERRASSE DU CASEY_S COR et PHOT.pdf','2024-03-27 22:26:46','2024-11-27 15:13:52','bace5f86-8f30-4321-be7b-fec21da6dc20',155890),('4c3f4abf-4323-4b8f-8425-b7cc05420001','f1ef8359-cc22-4c37-8f41-3d4698a70eb5','240223 - CR Permanent SAFFOX - Fantasia Gelati.pdf','pdf','662c0be5a704b_240223 - CR Permanent SAFFOX - Fantasia Gelati.pdf','2024-04-26 20:17:41','2024-04-26 20:21:56','857965c8-92e2-4c23-bc54-b144a273e50b',1212292),('506425cd-d57c-4092-80d7-43d0f63c995d','6957a264-898c-477d-b35c-5e135272a263','16032024 - CR Permanent SAFFOX - CASEY\'S CORNER.pdf','pdf','6604a051b34ad_16032024 - CR Permanent SAFFOX - CASEY\'S CORNER.pdf','2024-03-27 22:40:17','2024-11-27 15:13:52','984e4d15-0011-41bb-9426-89edd0ab1ca6',870458),('50fb39ff-2e30-4c4f-8360-3114f97266b0','f1ef8359-cc22-4c37-8f41-3d4698a70eb5','220223 - CR Permanent SAFFOX - Fantasia Gelati.pptx','pptx','662c0be5de075_220223 - CR Permanent SAFFOX - Fantasia Gelati.pptx','2024-04-26 20:17:41','2024-04-26 20:21:56','857965c8-92e2-4c23-bc54-b144a273e50b',543055),('51883a0c-ea9a-4cf3-b0d7-cdd0aa6c30a3','6957a264-898c-477d-b35c-5e135272a263','IDDIS230309A_RJ009_DIU CASEY\'S CORNER PHOTOLOCATION_240126.pdf','pdf','66049d4fc8e4e_IDDIS230309A_RJ009_DIU CASEY\'S CORNER PHOTOLOCATION_240126.pdf','2024-03-27 22:27:27','2024-11-27 15:13:52','6876851d-fd72-4372-b6ad-264c5ab9f570',1501923),('5197a43c-72cf-4a8f-a860-3410fd33ba06','6957a264-898c-477d-b35c-5e135272a263','08032024 - CR Permanent SAFFOX - CASEY\'S CORNER.pdf','pdf','6604a0550792e_08032024 - CR Permanent SAFFOX - CASEY\'S CORNER.pdf','2024-03-27 22:40:21','2024-11-27 15:13:52','984e4d15-0011-41bb-9426-89edd0ab1ca6',1815771),('51a603fb-552a-4724-8da6-3e4886f8cfa5','6957a264-898c-477d-b35c-5e135272a263','presentation chantier CASEY\'S CORNER.pdf','pdf','6604a20bb70f7_presentation chantier CASEY\'S CORNER.pdf','2024-03-27 22:47:39','2024-11-27 15:13:52','06fedb5a-b9d4-466a-881b-f2e68693ea97',653024),('51e4529d-2545-4b94-bd91-972a1627c517','f1ef8359-cc22-4c37-8f41-3d4698a70eb5','230223 - CR Permanent SAFFOX - Fantasia Gelati.pptx','pptx','662c0be728e3e_230223 - CR Permanent SAFFOX - Fantasia Gelati.pptx','2024-04-26 20:17:43','2024-04-26 20:21:56','857965c8-92e2-4c23-bc54-b144a273e50b',8074134),('5284a7a2-4650-4b90-b561-fcb0d7025459','f1ef8359-cc22-4c37-8f41-3d4698a70eb5','180123 - CR Permanent SAFFOX - Fantasia Gelati.pptx','pptx','662c0b752ea12_180123 - CR Permanent SAFFOX - Fantasia Gelati.pptx','2024-04-26 20:15:49','2024-04-26 20:21:56','98548ebb-f962-4b42-bad4-96eabfdc2997',3498898),('53454159-39b7-4583-9d67-2ce624cf2698','6957a264-898c-477d-b35c-5e135272a263','12032024 - CR Permanent SAFFOX - CASEY\'S CORNER.pptx','pptx','6604a057c23e4_12032024 - CR Permanent SAFFOX - CASEY\'S CORNER.pptx','2024-03-27 22:40:23','2024-11-27 15:13:52','984e4d15-0011-41bb-9426-89edd0ab1ca6',6513745),('541de464-72d8-443b-b4e7-e574dd416174','f1ef8359-cc22-4c37-8f41-3d4698a70eb5','130623 - CR Permanent SAFFOX - Terrasse R099.pdf','pdf','662c0ca52d178_130623 - CR Permanent SAFFOX - Terrasse R099.pdf','2024-04-26 20:20:53','2024-04-26 20:21:56','8e6640bd-6447-4e32-a17d-cb9e848206a2',1044366),('54b999e9-d5d7-4d2d-827b-ab2fd7fcd593','7e5cdd75-d1cc-4aea-94be-a7bb9e2a1896','qr-code-2.png','png','6748d6de0dac4_qr-code-2.png','2024-11-28 20:47:26','2024-11-28 20:47:26','a3fef3dd-2370-4ec1-8e32-3b1ad1370159',7924),('54bca4b6-7e40-44ff-a77b-c175a41441a0','f1ef8359-cc22-4c37-8f41-3d4698a70eb5','300623 - CR Permanent SAFFOX - Terrasse R099_Toiture C1 et C2.pptx','pptx','662c0ca903dee_300623 - CR Permanent SAFFOX - Terrasse R099_Toiture C1 et C2.pptx','2024-04-26 20:20:57','2024-04-26 20:21:56','8e6640bd-6447-4e32-a17d-cb9e848206a2',38566911),('557ef7f4-5301-44e8-9515-c2b8db616677','f1ef8359-cc22-4c37-8f41-3d4698a70eb5','200223 - CR Permanent SAFFOX - Fantasia Gelati.pptx','pptx','662c0be6e511b_200223 - CR Permanent SAFFOX - Fantasia Gelati.pptx','2024-04-26 20:17:42','2024-04-26 20:21:56','857965c8-92e2-4c23-bc54-b144a273e50b',1282836),('55e1d087-490b-4ada-bf3c-51982881da64','6957a264-898c-477d-b35c-5e135272a263','15032024 - CR Permanent SAFFOX - CASEY\'S CORNER.pptx','pptx','6604a04eb78df_15032024 - CR Permanent SAFFOX - CASEY\'S CORNER.pptx','2024-03-27 22:40:14','2024-11-27 15:13:52','984e4d15-0011-41bb-9426-89edd0ab1ca6',1586465),('5d07a73a-738c-4dfe-b3eb-409cb5f5d5e2','6957a264-898c-477d-b35c-5e135272a263','23032024 - CR Permanent SAFFOX - CASEY\'S CORNER.pdf','pdf','6604a04fa59da_23032024 - CR Permanent SAFFOX - CASEY\'S CORNER.pdf','2024-03-27 22:40:15','2024-11-27 15:13:52','984e4d15-0011-41bb-9426-89edd0ab1ca6',566022),('5f88d13a-f07b-4fa2-996b-ce581a424e1a','6957a264-898c-477d-b35c-5e135272a263','NCVRD-RENDU-DINSEY-NUIT-CASEY CORNER-191222-INDA.pdf','pdf','6604a1fac8f67_NCVRD-RENDU-DINSEY-NUIT-CASEY CORNER-191222-INDA.pdf','2024-03-27 22:47:22','2024-11-27 15:13:52','8ece3c7d-3d4f-4b2d-ae25-5b21c71c59e8',655888),('607519b4-34b8-4862-9df9-0af2e9859c6c','f1ef8359-cc22-4c37-8f41-3d4698a70eb5','130623 - CR Permanent SAFFOX - Terrasse R099.pptx','pptx','662c0cb20ea98_130623 - CR Permanent SAFFOX - Terrasse R099.pptx','2024-04-26 20:21:06','2024-04-26 20:21:56','8e6640bd-6447-4e32-a17d-cb9e848206a2',36944940),('61611705-9933-45f2-ad37-d5edf287d121','6957a264-898c-477d-b35c-5e135272a263','FORMATION PORT DU HARNAIS SNEE.JPG','jpg','6604a00feb268_FORMATION PORT DU HARNAIS SNEE.JPG','2024-03-27 22:39:11','2024-11-27 15:13:52','491cdb5b-26dd-4292-a805-8e710b7c3fd4',131160),('6202cf5d-0bd9-48df-9e87-d9d6e524ecf0','f1ef8359-cc22-4c37-8f41-3d4698a70eb5','250523 - CR Permanent SAFFOX - Terrasse R099.pdf','pdf','662c0c80c05a9_250523 - CR Permanent SAFFOX - Terrasse R099.pdf','2024-04-26 20:20:16','2024-04-26 20:21:56','09901f70-8e98-40b6-99ca-844c64739c44',840748),('626817c5-0e85-4963-8334-bcf47562a90a','8a9fcfa0-26df-4419-b686-58a8a2e47944','Certificat de réalisation GONCALVES Christophe.pdf','pdf','6745cdebd18f6_Certificat de réalisation GONCALVES Christophe.pdf','2024-11-26 13:32:27','2024-11-26 13:33:35','16558e74-24ef-4d83-8b1a-cae5fb7722b1',227273),('6311a8a0-1900-447e-afaa-e6c81632cc45','f1ef8359-cc22-4c37-8f41-3d4698a70eb5','230223 - CR Permanent SAFFOX - Fantasia Gelati.pdf','pdf','662c0be6e478b_230223 - CR Permanent SAFFOX - Fantasia Gelati.pdf','2024-04-26 20:17:42','2024-04-26 20:21:56','857965c8-92e2-4c23-bc54-b144a273e50b',2322272),('63f3a385-eff0-4ae4-a9dd-ce2aa0b4f9bd','f1ef8359-cc22-4c37-8f41-3d4698a70eb5','060623 - CR Permanent SAFFOX - Terrasse R099.pptx','pptx','662c0ca9b8dbb_060623 - CR Permanent SAFFOX - Terrasse R099.pptx','2024-04-26 20:20:57','2024-04-26 20:21:56','8e6640bd-6447-4e32-a17d-cb9e848206a2',53159445),('6604b8a9-223c-4206-a5ba-f7350e5a1ef9','7e5cdd75-d1cc-4aea-94be-a7bb9e2a1896','QR4YOU-Flyer.pdf','pdf','65a907ce43c8f_QR4YOU-3.pdf','2024-01-18 11:13:18','2024-11-28 20:47:26','4d057a63-7e39-4c7c-81fa-abd756830bf5',2357135),('66e3ba0e-a497-4b26-af45-4001db92f724','f1ef8359-cc22-4c37-8f41-3d4698a70eb5','150623 - CR Permanent SAFFOX - Terrasse R099.pptx','pptx','662c0ca54681b_150623 - CR Permanent SAFFOX - Terrasse R099.pptx','2024-04-26 20:20:53','2024-04-26 20:21:56','8e6640bd-6447-4e32-a17d-cb9e848206a2',28497751),('68718bc8-1a5f-4018-a44a-a2ca91c52e67','f1ef8359-cc22-4c37-8f41-3d4698a70eb5','FANTASYLAND - INSTALLATION CHANTIER.pdf','pdf','662c09e37621e_FANTASYLAND - INSTALLATION CHANTIER.pdf','2024-04-26 20:09:07','2024-04-26 20:21:56','ad0c83f9-567a-4120-aef9-36a24ee51d32',1205500),('69ef492d-756f-459e-b671-ec10567d2055','f1ef8359-cc22-4c37-8f41-3d4698a70eb5','270623 - CR Permanent SAFFOX - Terrasse R099_Toiture C1 et C2.pdf','pdf','662c0ca551d3b_270623 - CR Permanent SAFFOX - Terrasse R099_Toiture C1 et C2.pdf','2024-04-26 20:20:53','2024-04-26 20:21:56','8e6640bd-6447-4e32-a17d-cb9e848206a2',795642),('6adcf4fa-45f6-4530-9603-ed374ec504cf','f1ef8359-cc22-4c37-8f41-3d4698a70eb5','010623 - CR Permanent SAFFOX - Terrasse R099.pptx','pptx','662c0cb2a4d9c_010623 - CR Permanent SAFFOX - Terrasse R099.pptx','2024-04-26 20:21:06','2024-04-26 20:21:56','8e6640bd-6447-4e32-a17d-cb9e848206a2',53507033),('6ba10fd7-538b-4490-97b7-55bba671f615','f1ef8359-cc22-4c37-8f41-3d4698a70eb5','260423 - CR Permanent SAFFOX - Terrasse R099.pptx','pptx','662c0c3c70ebe_260423 - CR Permanent SAFFOX - Terrasse R099.pptx','2024-04-26 20:19:08','2024-04-26 20:21:56','f7b3533c-5764-46a6-8824-be463749869c',3523043),('6cc42ec1-01e4-49b2-8d62-7485e42cb6a4','f1ef8359-cc22-4c37-8f41-3d4698a70eb5','180523 - CR Permanent SAFFOX - Terrasse R099.pptx','pptx','662c0c86ba42b_180523 - CR Permanent SAFFOX - Terrasse R099.pptx','2024-04-26 20:20:22','2024-04-26 20:21:56','09901f70-8e98-40b6-99ca-844c64739c44',18476771),('6e27b133-259f-4564-a1c5-5e39f379c626','6957a264-898c-477d-b35c-5e135272a263','IDDIS230310A_RJ022_IC SNEE_240220.pdf','pdf','66049ec1defc5_IDDIS230310A_RJ022_IC SNEE_240220.pdf','2024-03-27 22:33:37','2024-11-27 15:13:52','46324779-e5d9-4f07-a71d-c68638d30dc3',402867),('6e2ab896-11c4-468e-b507-ff5dc981f5cf','f1ef8359-cc22-4c37-8f41-3d4698a70eb5','200423 - CR Permanent SAFFOX - Terrasse R099.pptx','pptx','662c0c3f29bd3_200423 - CR Permanent SAFFOX - Terrasse R099.pptx','2024-04-26 20:19:11','2024-04-26 20:21:56','f7b3533c-5764-46a6-8824-be463749869c',22757979),('6e32e1c4-2c41-4956-bb62-9e32741dd307','8a9fcfa0-26df-4419-b686-58a8a2e47944','Attestation de formation GONCALVES Christophe (2).pdf','pdf','6745cdebec0ff_Attestation de formation GONCALVES Christophe (2).pdf','2024-11-26 13:32:27','2024-11-26 13:33:35','16558e74-24ef-4d83-8b1a-cae5fb7722b1',248182),('71b644f0-ee22-4dbf-be9b-d6dff6eb97af','6957a264-898c-477d-b35c-5e135272a263','double consignation SNEE.JPG','jpg','6604a1dfbc5e4_double consignation SNEE.JPG','2024-03-27 22:46:55','2024-11-27 15:13:52','86f3b40a-e60e-479e-92e4-b44a9148a573',200298),('73061d95-0d82-425d-bea7-7c633c618420','f1ef8359-cc22-4c37-8f41-3d4698a70eb5','2023-03-24 Planning R099 (1).pdf','pdf','662c0946e7b5c_2023-03-24 Planning R099 (1).pdf','2024-04-26 20:06:30','2024-04-26 20:21:56','043588d2-c90c-474c-9e50-7aabcd6f2424',563258),('759d9751-8e4b-47bd-b1d7-acb87ef449ce','f1ef8359-cc22-4c37-8f41-3d4698a70eb5','130423 - CR Permanent SAFFOX - Terrasse R099.pptx','pptx','662c0c3ee4f59_130423 - CR Permanent SAFFOX - Terrasse R099.pptx','2024-04-26 20:19:10','2024-04-26 20:21:56','f7b3533c-5764-46a6-8824-be463749869c',13510790),('762e189b-1e38-448a-8d34-7daeab1c1626','6957a264-898c-477d-b35c-5e135272a263','12032024 - CR Permanent SAFFOX - CASEY\'S CORNER-1.pdf','pdf','6604a04d62fbc_12032024 - CR Permanent SAFFOX - CASEY\'S CORNER-1.pdf','2024-03-27 22:40:13','2024-11-27 15:13:52','984e4d15-0011-41bb-9426-89edd0ab1ca6',2119769),('77e31727-a72d-466a-861c-0e96f8343f1c','f1ef8359-cc22-4c37-8f41-3d4698a70eb5','NDC_PLC059_23_A.pdf','pdf','662c0af523874_NDC_PLC059_23_A.pdf','2024-04-26 20:13:41','2024-04-26 20:21:56','2b7f44fa-7c67-4397-8e23-5ce45e82096d',3471328),('782ce529-6ca9-4751-be17-36ebe3fdc73f','6957a264-898c-477d-b35c-5e135272a263','IDDIS230310A_RJ017_IC GROUPELOISELEURS_240215.pdf','pdf','66049ec21b98b_IDDIS230310A_RJ017_IC GROUPELOISELEURS_240215.pdf','2024-03-27 22:33:38','2024-11-27 15:13:52','46324779-e5d9-4f07-a71d-c68638d30dc3',397027),('7aeacdf4-095c-4248-8e42-157d1d2ea8da','f1ef8359-cc22-4c37-8f41-3d4698a70eb5','190423 - CR Permanent SAFFOX - Terrasse R099.pptx','pptx','662c0c3d046ca_190423 - CR Permanent SAFFOX - Terrasse R099.pptx','2024-04-26 20:19:09','2024-04-26 20:21:56','f7b3533c-5764-46a6-8824-be463749869c',6841761),('7e069c67-21f9-4916-83f5-1cb2989db5e4','f1ef8359-cc22-4c37-8f41-3d4698a70eb5','100523 - CR Permanent SAFFOX - Terrasse R099.pptx','pptx','662c0c85b5c05_100523 - CR Permanent SAFFOX - Terrasse R099.pptx','2024-04-26 20:20:21','2024-04-26 20:21:56','09901f70-8e98-40b6-99ca-844c64739c44',11573807),('8010f97b-1242-4fc0-a843-790d4666c018','f1ef8359-cc22-4c37-8f41-3d4698a70eb5','040523 - CR Permanent SAFFOX - Terrasse R099.pptx','pptx','662c0c8564552_040523 - CR Permanent SAFFOX - Terrasse R099.pptx','2024-04-26 20:20:21','2024-04-26 20:21:56','09901f70-8e98-40b6-99ca-844c64739c44',13443448),('828f6c35-0c53-4ff0-badd-12307c9402d1','f1ef8359-cc22-4c37-8f41-3d4698a70eb5','210223 - CR Permanent SAFFOX - Fantasia Gelati.pptx','pptx','662c0be708b98_210223 - CR Permanent SAFFOX - Fantasia Gelati.pptx','2024-04-26 20:17:43','2024-04-26 20:21:56','857965c8-92e2-4c23-bc54-b144a273e50b',2801748),('836dd35e-7452-4300-ab82-f804cb633072','f1ef8359-cc22-4c37-8f41-3d4698a70eb5','Fantasyland-MO-006-etancheite-R099-edB.pdf','pdf','662c09e388f3d_Fantasyland-MO-006-etancheite-R099-edB.pdf','2024-04-26 20:09:07','2024-04-26 20:21:56','ad0c83f9-567a-4120-aef9-36a24ee51d32',434744),('837f44fe-5f37-4fac-874a-44cf29ff9982','f1ef8359-cc22-4c37-8f41-3d4698a70eb5','160523 - CR Permanent SAFFOX - Terrasse R099.pptx','pptx','662c0c889b586_160523 - CR Permanent SAFFOX - Terrasse R099.pptx','2024-04-26 20:20:24','2024-04-26 20:21:56','09901f70-8e98-40b6-99ca-844c64739c44',20101953),('84b4fc19-5f29-4eef-acd3-4314e6487d1b','6957a264-898c-477d-b35c-5e135272a263','23032024 - CR Permanent SAFFOX - CASEY\'S CORNER.pptx','pptx','6604a0558b918_23032024 - CR Permanent SAFFOX - CASEY\'S CORNER.pptx','2024-03-27 22:40:21','2024-11-27 15:13:52','984e4d15-0011-41bb-9426-89edd0ab1ca6',1190226),('85ccaa85-81ff-4e01-ba9f-2fc8e52a39fe','f1ef8359-cc22-4c37-8f41-3d4698a70eb5','220623 - CR Permanent SAFFOX - Terrasse R099.pptx','pptx','662c0cacba711_220623 - CR Permanent SAFFOX - Terrasse R099.pptx','2024-04-26 20:21:00','2024-04-26 20:21:56','8e6640bd-6447-4e32-a17d-cb9e848206a2',29429499),('87969e90-4a2b-4bab-9dbe-109e24e53a3d','6957a264-898c-477d-b35c-5e135272a263','Planning enveloppe CASEY_S CORNER & PHOTOLOCATION.pdf','pdf','66049ef8792bd_Planning enveloppe CASEY_S CORNER & PHOTOLOCATION.pdf','2024-03-27 22:34:32','2024-11-27 15:13:52','fada538d-1015-482e-a2bf-995899700983',920841),('879806bc-6b32-4638-b425-988ac55758b5','6957a264-898c-477d-b35c-5e135272a263','PPSPS SNEE.pdf','pdf','6604a0104aeca_PPSPS SNEE.pdf','2024-03-27 22:39:12','2024-11-27 15:13:52','491cdb5b-26dd-4292-a805-8e710b7c3fd4',2549422),('887c61fc-ae2c-4352-a689-1ec8522a56e6','6957a264-898c-477d-b35c-5e135272a263','05032024 - CR Permanent SAFFOX - CASEY\'S CORNER.pptx','pptx','6604a04de1bc5_05032024 - CR Permanent SAFFOX - CASEY\'S CORNER.pptx','2024-03-27 22:40:13','2024-11-27 15:13:52','984e4d15-0011-41bb-9426-89edd0ab1ca6',1592384),('88b573ad-0696-40f6-b7d0-57ef55487a41','6957a264-898c-477d-b35c-5e135272a263','13032024 - CR Permanent SAFFOX - CASEY\'S CORNER .pptx','pptx','6604a04f91e6c_13032024 - CR Permanent SAFFOX - CASEY\'S CORNER .pptx','2024-03-27 22:40:15','2024-11-27 15:13:52','984e4d15-0011-41bb-9426-89edd0ab1ca6',1883309),('8983011b-7d9d-4a9f-b27e-4babc13344d5','f1ef8359-cc22-4c37-8f41-3d4698a70eb5','080623 - CR Permanent SAFFOX - Terrasse R099.pptx','pptx','662c0cb2d6082_080623 - CR Permanent SAFFOX - Terrasse R099.pptx','2024-04-26 20:21:06','2024-04-26 20:21:56','8e6640bd-6447-4e32-a17d-cb9e848206a2',53706189),('8c6704be-665f-4056-aa48-ba9aacb1483e','f1ef8359-cc22-4c37-8f41-3d4698a70eb5','170223 - CR Permanent SAFFOX - Fantasia Gelati.pdf','pdf','662c0be5ae18a_170223 - CR Permanent SAFFOX - Fantasia Gelati.pdf','2024-04-26 20:17:41','2024-04-26 20:21:56','857965c8-92e2-4c23-bc54-b144a273e50b',2787231),('8dee55f7-e6d8-4b91-b0cd-d00328632dc0','f1ef8359-cc22-4c37-8f41-3d4698a70eb5','J4R - BA - C1.zip','zip','662c0a2968013_J4R - BA - C1.zip','2024-04-26 20:10:17','2024-04-26 20:21:56','ece86069-376b-4618-903a-fe33e679dae0',9408228),('8eb9c6ee-f0b1-4ed6-8989-1985bc5a90d9','f1ef8359-cc22-4c37-8f41-3d4698a70eb5','160223 - CR Permanent SAFFOX - Fantasia Gelati.pdf','pdf','662c0be5bcfd2_160223 - CR Permanent SAFFOX - Fantasia Gelati.pdf','2024-04-26 20:17:41','2024-04-26 20:21:56','857965c8-92e2-4c23-bc54-b144a273e50b',1062645),('8f04056f-5714-4348-8f23-c4d0f2e8837d','f1ef8359-cc22-4c37-8f41-3d4698a70eb5','170223 - CR Permanent SAFFOX - Fantasia Gelati.pptx','pptx','662c0be718281_170223 - CR Permanent SAFFOX - Fantasia Gelati.pptx','2024-04-26 20:17:43','2024-04-26 20:21:56','857965c8-92e2-4c23-bc54-b144a273e50b',4003560),('932f960f-ec84-4170-a99a-f5c22046a3c5','6957a264-898c-477d-b35c-5e135272a263','14032024 - CR Permanent SAFFOX - CASEY\'S CORNER  (1).pptx','pptx','6604a04ec945c_14032024 - CR Permanent SAFFOX - CASEY\'S CORNER  (1).pptx','2024-03-27 22:40:14','2024-11-27 15:13:52','984e4d15-0011-41bb-9426-89edd0ab1ca6',1498147),('948f25d9-45b2-4b36-b4e2-aa7a4fb8dd14','6957a264-898c-477d-b35c-5e135272a263','19032024 - CR Permanent SAFFOX - CASEY\'S CORNER.pptx','pptx','6604a054444dd_19032024 - CR Permanent SAFFOX - CASEY\'S CORNER.pptx','2024-03-27 22:40:20','2024-11-27 15:13:52','984e4d15-0011-41bb-9426-89edd0ab1ca6',2256673),('949fd986-7abb-47b2-87b6-ce4e2328cca2','f1ef8359-cc22-4c37-8f41-3d4698a70eb5','Fantasyland-PPSPS-Chari-edC.pdf','pdf','662c09c7016f3_Fantasyland-PPSPS-Chari-edC.pdf','2024-04-26 20:08:39','2024-04-26 20:21:56','f0add777-d8a9-4f21-9b96-9d87d5184559',623268),('9512365f-a642-443a-b72d-97b0d2d941ee','f1ef8359-cc22-4c37-8f41-3d4698a70eb5','CARTE FORMATION ECHAFAUDAGE TDO.pdf','pdf','662c0adc54c3f_CARTE FORMATION ECHAFAUDAGE TDO.pdf','2024-04-26 20:13:16','2024-04-26 20:21:56','1273ebf5-9d9c-4546-8487-8d236b163096',414446),('97b388ce-356a-43e2-82e3-738833d1b9c5','6957a264-898c-477d-b35c-5e135272a263','20032024 - CR Permanent SAFFOX - CASEY\'S CORNER .pdf','pdf','6604a050cb40a_20032024 - CR Permanent SAFFOX - CASEY\'S CORNER .pdf','2024-03-27 22:40:16','2024-11-27 15:13:52','984e4d15-0011-41bb-9426-89edd0ab1ca6',1029172),('97f0bf61-416e-46c5-a41c-11f603dcc2da','f1ef8359-cc22-4c37-8f41-3d4698a70eb5','180223 - CR Permanent SAFFOX - Fantasia Gelati.pdf','pdf','662c0be6959dc_180223 - CR Permanent SAFFOX - Fantasia Gelati.pdf','2024-04-26 20:17:42','2024-04-26 20:21:56','857965c8-92e2-4c23-bc54-b144a273e50b',780699),('981660de-c0df-4ceb-ad27-d96463baa401','f1ef8359-cc22-4c37-8f41-3d4698a70eb5','310523 - CR Permanent SAFFOX - Terrasse R099.pdf','pdf','662c0c861d24c_310523 - CR Permanent SAFFOX - Terrasse R099.pdf','2024-04-26 20:20:22','2024-04-26 20:21:56','09901f70-8e98-40b6-99ca-844c64739c44',1404933),('9d8cb983-e0e9-447f-9a67-9b98e34eb3d4','f1ef8359-cc22-4c37-8f41-3d4698a70eb5','140423 - CR Permanent SAFFOX - Terrasse R099.pptx','pptx','662c0c3cb9c84_140423 - CR Permanent SAFFOX - Terrasse R099.pptx','2024-04-26 20:19:08','2024-04-26 20:21:56','f7b3533c-5764-46a6-8824-be463749869c',9490713),('9db6ec51-9a13-4338-84f2-3b7c4203e33b','8a9fcfa0-26df-4419-b686-58a8a2e47944','VGP - ENGIN 1.pdf','pdf','6745cc8528600_VGP - ENGIN 1.pdf','2024-11-26 13:26:29','2024-11-26 13:32:27','535e4185-66d7-4e38-841b-4c0595683567',166924),('9ecd0ac5-4dbc-448f-a908-e3086ef2b1d7','f1ef8359-cc22-4c37-8f41-3d4698a70eb5','250523 - CR Permanent SAFFOX - Terrasse R099.pptx','pptx','662c0c8959c3a_250523 - CR Permanent SAFFOX - Terrasse R099.pptx','2024-04-26 20:20:25','2024-04-26 20:21:56','09901f70-8e98-40b6-99ca-844c64739c44',35478113),('9f143016-2f34-4e10-b62b-40377bb82012','f1ef8359-cc22-4c37-8f41-3d4698a70eb5','200123 - CR Permanent SAFFOX - Fantasia Gelati.pptx','pptx','662c0bcf52215_200123 - CR Permanent SAFFOX - Fantasia Gelati.pptx','2024-04-26 20:17:19','2024-04-26 20:21:56','98548ebb-f962-4b42-bad4-96eabfdc2997',2195223),('9fd13963-9131-43ed-a2d2-1ee52f2d5068','f1ef8359-cc22-4c37-8f41-3d4698a70eb5','310523 - CR Permanent SAFFOX - Terrasse R099.pptx','pptx','662c0c88e8726_310523 - CR Permanent SAFFOX - Terrasse R099.pptx','2024-04-26 20:20:24','2024-04-26 20:21:56','09901f70-8e98-40b6-99ca-844c64739c44',53314605),('a1d61a89-56fc-4f9f-8f4f-c3060c1b35e5','f1ef8359-cc22-4c37-8f41-3d4698a70eb5','230123 - CR Permanent SAFFOX - Fantasia Gelati.pptx','pptx','662c0b74a9ad0_230123 - CR Permanent SAFFOX - Fantasia Gelati.pptx','2024-04-26 20:15:48','2024-04-26 20:21:56','98548ebb-f962-4b42-bad4-96eabfdc2997',2807851),('a1d8e3bb-a2d4-49b0-a856-ade768aeffd2','6957a264-898c-477d-b35c-5e135272a263','IDDIS230310A_RJ012_IC RENTOKIL INTIALL_240215.pdf','pdf','66049ec275083_IDDIS230310A_RJ012_IC RENTOKIL INTIALL_240215.pdf','2024-03-27 22:33:38','2024-11-27 15:13:52','46324779-e5d9-4f07-a71d-c68638d30dc3',353324),('a2926648-68c3-490c-a999-4fd08c88018a','f1ef8359-cc22-4c37-8f41-3d4698a70eb5','070223 - CR Permanent SAFFOX - FANTASIA GELATI.pdf','pdf','662c0be683407_070223 - CR Permanent SAFFOX - FANTASIA GELATI.pdf','2024-04-26 20:17:42','2024-04-26 20:21:56','857965c8-92e2-4c23-bc54-b144a273e50b',1479602),('a4805ba4-78e8-404b-aa35-084edb24a628','f1ef8359-cc22-4c37-8f41-3d4698a70eb5','260123 - CR Permanent SAFFOX - Fantasia Gelati.pptx','pptx','662c0b752bad3_260123 - CR Permanent SAFFOX - Fantasia Gelati.pptx','2024-04-26 20:15:49','2024-04-26 20:21:56','98548ebb-f962-4b42-bad4-96eabfdc2997',2329929),('a4e8b106-151e-408f-96ef-c449aca0334d','f1ef8359-cc22-4c37-8f41-3d4698a70eb5','160523 - CR Permanent SAFFOX - Terrasse R099.pdf','pdf','662c0c8038a79_160523 - CR Permanent SAFFOX - Terrasse R099.pdf','2024-04-26 20:20:16','2024-04-26 20:21:56','09901f70-8e98-40b6-99ca-844c64739c44',689818),('a62c7534-bc4b-47f1-964d-8692bca13654','6957a264-898c-477d-b35c-5e135272a263','07032024 - CR Permanent SAFFOX - CASEY\'S CORNER.pptx','pptx','6604a055dd3b6_07032024 - CR Permanent SAFFOX - CASEY\'S CORNER.pptx','2024-03-27 22:40:21','2024-11-27 15:13:52','984e4d15-0011-41bb-9426-89edd0ab1ca6',8188039),('a62f4a58-ed0e-491a-98a7-fc321058783f','f1ef8359-cc22-4c37-8f41-3d4698a70eb5','170523 - CR Permanent SAFFOX - Terrasse R099.pptx','pptx','662c0c85085ff_170523 - CR Permanent SAFFOX - Terrasse R099.pptx','2024-04-26 20:20:21','2024-04-26 20:21:56','09901f70-8e98-40b6-99ca-844c64739c44',3085982),('a7288db9-5168-45ca-8f31-2fdafb1d8644','f1ef8359-cc22-4c37-8f41-3d4698a70eb5','160623 - CR Permanent SAFFOX - Terrasse R099.pdf','pdf','662c0caeb43e1_160623 - CR Permanent SAFFOX - Terrasse R099.pdf','2024-04-26 20:21:02','2024-04-26 20:21:56','8e6640bd-6447-4e32-a17d-cb9e848206a2',715399),('a72dc7a2-ef50-4ff2-96eb-7e8a8b77f573','6957a264-898c-477d-b35c-5e135272a263','06032024 - CR Permanent SAFFOX - CASEY\'S CORNER.pdf','pdf','6604a04e3a381_06032024 - CR Permanent SAFFOX - CASEY\'S CORNER.pdf','2024-03-27 22:40:14','2024-11-27 15:13:52','984e4d15-0011-41bb-9426-89edd0ab1ca6',1419346),('a8d0066e-eba0-4729-a37b-22821e5c0c68','f1ef8359-cc22-4c37-8f41-3d4698a70eb5','160123 Nuit - CR Permanent SAFFOX - Fantasia Gelati.pptx','pptx','662c0b74d3572_160123 Nuit - CR Permanent SAFFOX - Fantasia Gelati.pptx','2024-04-26 20:15:48','2024-04-26 20:21:56','98548ebb-f962-4b42-bad4-96eabfdc2997',3052132),('aaa6e7ce-b780-4ba1-96a2-0170d53f02a4','f1ef8359-cc22-4c37-8f41-3d4698a70eb5','100223 - CR Permanent SAFFOX - Fantasia Gelati.pptx','pptx','662c0be5c2922_100223 - CR Permanent SAFFOX - Fantasia Gelati.pptx','2024-04-26 20:17:41','2024-04-26 20:21:56','857965c8-92e2-4c23-bc54-b144a273e50b',1616058),('ac4656d7-d751-4c14-9bee-d031274529bd','7e5cdd75-d1cc-4aea-94be-a7bb9e2a1896','logo-3.svg','svg','658ec870281a5_logo-3.svg','2023-12-29 13:24:00','2023-12-29 13:24:00',NULL,0),('ae53c982-d732-4283-b0c2-b9cd79a7876c','f1ef8359-cc22-4c37-8f41-3d4698a70eb5','180423 - CR Permanent SAFFOX - Terrasse R099.pdf','pdf','662c0c3f74da9_180423 - CR Permanent SAFFOX - Terrasse R099.pdf','2024-04-26 20:19:11','2024-04-26 20:21:56','f7b3533c-5764-46a6-8824-be463749869c',2605617),('afe98578-98c7-433d-bf1e-4e9c20b5815d','f1ef8359-cc22-4c37-8f41-3d4698a70eb5','020623 - CR Permanent SAFFOX - Terrasse R099.pptx','pptx','662c0cae52ff1_020623 - CR Permanent SAFFOX - Terrasse R099.pptx','2024-04-26 20:21:02','2024-04-26 20:21:56','8e6640bd-6447-4e32-a17d-cb9e848206a2',56346942),('b1777735-dd0d-4f2e-90fb-d645fb7a167e','6957a264-898c-477d-b35c-5e135272a263','22032024 - CR Permanent SAFFOX - CASEY\'S CORNER.pptx','pptx','6604a05386f7f_22032024 - CR Permanent SAFFOX - CASEY\'S CORNER.pptx','2024-03-27 22:40:19','2024-11-27 15:13:52','984e4d15-0011-41bb-9426-89edd0ab1ca6',1949117),('b188bae7-60dd-4937-bb2f-1a72a2372771','f1ef8359-cc22-4c37-8f41-3d4698a70eb5','240123 - CR Permanent SAFFOX - Fantasia Gelati.pptx','pptx','662c0b74afc56_240123 - CR Permanent SAFFOX - Fantasia Gelati.pptx','2024-04-26 20:15:48','2024-04-26 20:21:56','98548ebb-f962-4b42-bad4-96eabfdc2997',2948510),('b21794a0-4528-46e8-b142-3a0c9adc07ab','f1ef8359-cc22-4c37-8f41-3d4698a70eb5','030523 - CR Permanent SAFFOX - Terrasse R099.pptx','pptx','662c0c857f42a_030523 - CR Permanent SAFFOX - Terrasse R099.pptx','2024-04-26 20:20:21','2024-04-26 20:21:56','09901f70-8e98-40b6-99ca-844c64739c44',18217329),('b4810ae0-f3d3-4b85-bc84-1d061d27e31c','f1ef8359-cc22-4c37-8f41-3d4698a70eb5','250423 - CR Permanent SAFFOX - Terrasse R099.pptx','pptx','662c0c400e224_250423 - CR Permanent SAFFOX - Terrasse R099.pptx','2024-04-26 20:19:12','2024-04-26 20:21:56','f7b3533c-5764-46a6-8824-be463749869c',29204949),('b4964d1e-8d0e-40c0-84d7-5355f3084f75','6957a264-898c-477d-b35c-5e135272a263','NCVRD-RENDU-DINSEY-NUIT-CASEY CORNER-121223-INDA.pdf','pdf','6604a1fa7ffe1_NCVRD-RENDU-DINSEY-NUIT-CASEY CORNER-121223-INDA.pdf','2024-03-27 22:47:22','2024-11-27 15:13:52','8ece3c7d-3d4f-4b2d-ae25-5b21c71c59e8',769973),('b502d72a-7ea2-4e7a-b631-034d7110dea5','6957a264-898c-477d-b35c-5e135272a263','IDDIS230310A_RJ016_IC SDM_240215.pdf','pdf','66049ec251811_IDDIS230310A_RJ016_IC SDM_240215.pdf','2024-03-27 22:33:38','2024-11-27 15:13:52','46324779-e5d9-4f07-a71d-c68638d30dc3',397954),('b68f972b-c2ac-452d-a06e-1debe6abdcf7','f1ef8359-cc22-4c37-8f41-3d4698a70eb5','290623 - CR Permanent SAFFOX - Terrasse R099_Toiture C1 et C2.pptx','pptx','662c0cb35f023_290623 - CR Permanent SAFFOX - Terrasse R099_Toiture C1 et C2.pptx','2024-04-26 20:21:07','2024-04-26 20:21:56','8e6640bd-6447-4e32-a17d-cb9e848206a2',50407662),('b95d2b30-32c6-4707-be0f-dbc193cd3dea','f1ef8359-cc22-4c37-8f41-3d4698a70eb5','Carte monteur belem ayyoub.pdf','pdf','662c0a3604486_Carte monteur belem ayyoub.pdf','2024-04-26 20:10:30','2024-04-26 20:21:56','9b123bb6-6384-4323-aa4a-a0b92007be68',283320),('ba3048f1-e29d-4b7c-b4db-23fa1d76ba82','6957a264-898c-477d-b35c-5e135272a263','IDDIS230310A_RJ014_IC LOCAMOD_240215.pdf','pdf','66049ec23f272_IDDIS230310A_RJ014_IC LOCAMOD_240215.pdf','2024-03-27 22:33:38','2024-11-27 15:13:52','46324779-e5d9-4f07-a71d-c68638d30dc3',413486),('bb6e7c92-8cd1-42b1-9035-f17e70bceb2d','6957a264-898c-477d-b35c-5e135272a263','CACES SDC.jpg','jpg','66049faf9e87a_CACES SDC.jpg','2024-03-27 22:37:35','2024-11-27 15:13:52','3bbffe97-064f-488e-b132-06ff004c83d3',96518),('bb842387-e32e-44da-b4a2-2135f8d72984','f1ef8359-cc22-4c37-8f41-3d4698a70eb5','090623 - CR Permanent SAFFOX - Terrasse R099.pdf','pdf','662c0ca2bdf90_090623 - CR Permanent SAFFOX - Terrasse R099.pdf','2024-04-26 20:20:50','2024-04-26 20:21:56','8e6640bd-6447-4e32-a17d-cb9e848206a2',986764),('bcedf1c3-551a-44b3-ada1-59dc01b5c885','f1ef8359-cc22-4c37-8f41-3d4698a70eb5','040523 - CR Permanent SAFFOX - Terrasse R099.pdf','pdf','662c0c803124f_040523 - CR Permanent SAFFOX - Terrasse R099.pdf','2024-04-26 20:20:16','2024-04-26 20:21:56','09901f70-8e98-40b6-99ca-844c64739c44',382518),('bcf7376c-b2c5-45a9-a5cf-e6f7aea8584e','f1ef8359-cc22-4c37-8f41-3d4698a70eb5','230523 - CR Permanent SAFFOX - Terrasse R099.pdf','pdf','662c0c85b67cc_230523 - CR Permanent SAFFOX - Terrasse R099.pdf','2024-04-26 20:20:21','2024-04-26 20:21:56','09901f70-8e98-40b6-99ca-844c64739c44',384350),('bd51891c-ee78-43df-8e8b-837a7ff077d4','f1ef8359-cc22-4c37-8f41-3d4698a70eb5','2023-04-28-Planning R099.pdf','pdf','662c09a8e075d_2023-04-28-Planning R099.pdf','2024-04-26 20:08:08','2024-04-26 20:21:56','043588d2-c90c-474c-9e50-7aabcd6f2424',575504),('bd745b0a-7f5f-4a0b-8390-c590193e869c','f1ef8359-cc22-4c37-8f41-3d4698a70eb5','Carte monteur mavita patrick.pdf','pdf','662c0a3606b4d_Carte monteur mavita patrick.pdf','2024-04-26 20:10:30','2024-04-26 20:21:56','9b123bb6-6384-4323-aa4a-a0b92007be68',281679),('bd8c6d95-3acf-41a3-b086-c855f06cf1a0','f1ef8359-cc22-4c37-8f41-3d4698a70eb5','260423 - CR Permanent SAFFOX - Terrasse R099.pdf','pdf','662c0c3ad3b92_260423 - CR Permanent SAFFOX - Terrasse R099.pdf','2024-04-26 20:19:06','2024-04-26 20:21:56','f7b3533c-5764-46a6-8824-be463749869c',347445),('bd8f298e-3625-4c45-ac33-eeeb9c966c48','f1ef8359-cc22-4c37-8f41-3d4698a70eb5','Plan d\'Installation de Chantier R099.pdf','pdf','662c09e382189_Plan d\'Installation de Chantier R099.pdf','2024-04-26 20:09:07','2024-04-26 20:21:56','ad0c83f9-567a-4120-aef9-36a24ee51d32',1987205),('bf4d4590-2997-4900-89da-e8d13f1f5f86','f1ef8359-cc22-4c37-8f41-3d4698a70eb5','270123 - CR Permanent SAFFOX - Fantasia Gelati.pptx','pptx','662c0b75457d6_270123 - CR Permanent SAFFOX - Fantasia Gelati.pptx','2024-04-26 20:15:49','2024-04-26 20:21:56','98548ebb-f962-4b42-bad4-96eabfdc2997',1053014),('bf967816-350f-4086-bab2-57c3d17bfa86','f1ef8359-cc22-4c37-8f41-3d4698a70eb5','TDO - CARTE MONTEUR TDO.pdf','pdf','662c0a360e436_TDO - CARTE MONTEUR TDO.pdf','2024-04-26 20:10:30','2024-04-26 20:21:56','9b123bb6-6384-4323-aa4a-a0b92007be68',268480),('c0546288-7690-467b-a1c1-d8c2d9882772','6957a264-898c-477d-b35c-5e135272a263','05032024 - CR Permanent SAFFOX - CASEY\'S CORNER.pdf','pdf','6604a04e3ef26_05032024 - CR Permanent SAFFOX - CASEY\'S CORNER.pdf','2024-03-27 22:40:14','2024-11-27 15:13:52','984e4d15-0011-41bb-9426-89edd0ab1ca6',1471490),('c1a53129-9278-41ef-9fdf-2b2ba0a25d42','f1ef8359-cc22-4c37-8f41-3d4698a70eb5','150223 - CR Permanent SAFFOX - Fantasia Gelati.pdf','pdf','662c0be645f92_150223 - CR Permanent SAFFOX - Fantasia Gelati.pdf','2024-04-26 20:17:42','2024-04-26 20:21:56','857965c8-92e2-4c23-bc54-b144a273e50b',2862356),('c2055a54-8428-4a70-bf7c-f890f258b824','f1ef8359-cc22-4c37-8f41-3d4698a70eb5','presentation chantier TERRASSE R099.pptx','pptx','662c0ce4ad772_presentation chantier TERRASSE R099.pptx','2024-04-26 20:21:56','2024-04-26 20:21:56','e650e67d-4311-49fc-8571-323248cb7547',4702180),('c2d3f109-4650-43fe-999d-6eca1721deb8','f1ef8359-cc22-4c37-8f41-3d4698a70eb5','PLAN C1 EXE - INDICE A.pdf','pdf','662c0b03200bb_PLAN C1 EXE - INDICE A.pdf','2024-04-26 20:13:55','2024-04-26 20:21:56','f490e2af-664d-4dc5-b1c2-0365376dc6ae',3649352),('c6d5e2c0-5982-40bc-8f0e-4ae791e89615','f1ef8359-cc22-4c37-8f41-3d4698a70eb5','210423 - CR Permanent SAFFOX - Terrasse R099.pptx','pptx','662c0c3d9ab77_210423 - CR Permanent SAFFOX - Terrasse R099.pptx','2024-04-26 20:19:09','2024-04-26 20:21:56','f7b3533c-5764-46a6-8824-be463749869c',13311489),('c7822f6e-8425-4b56-b79c-5a0ab9b580bf','f1ef8359-cc22-4c37-8f41-3d4698a70eb5','280623 - CR Permanent SAFFOX - Terrasse R099_Toiture C1 et C2.pptx','pptx','662c0cb0bac47_280623 - CR Permanent SAFFOX - Terrasse R099_Toiture C1 et C2.pptx','2024-04-26 20:21:04','2024-04-26 20:21:56','8e6640bd-6447-4e32-a17d-cb9e848206a2',42900919),('c7a6000d-0d70-4051-be8d-11bcb5164f1a','f1ef8359-cc22-4c37-8f41-3d4698a70eb5','140223 - CR Permanent SAFFOX - Fantasia Gelati (1).pdf','pdf','662c0be58170a_140223 - CR Permanent SAFFOX - Fantasia Gelati (1).pdf','2024-04-26 20:17:41','2024-04-26 20:21:56','857965c8-92e2-4c23-bc54-b144a273e50b',1395168),('c9ef345b-b1e9-4383-8a81-1fce1da949ce','f1ef8359-cc22-4c37-8f41-3d4698a70eb5','120123 - CR Permanent SAFFOX - Fantasia Gelati.pptx','pptx','662c0b7532e46_120123 - CR Permanent SAFFOX - Fantasia Gelati.pptx','2024-04-26 20:15:49','2024-04-26 20:21:56','98548ebb-f962-4b42-bad4-96eabfdc2997',2696088),('cbc0f7ef-fb5d-4b60-80be-0c4874585c10','f1ef8359-cc22-4c37-8f41-3d4698a70eb5','060623 - CR Permanent SAFFOX - Terrasse R099.pdf','pdf','662c0caa03c88_060623 - CR Permanent SAFFOX - Terrasse R099.pdf','2024-04-26 20:20:58','2024-04-26 20:21:56','8e6640bd-6447-4e32-a17d-cb9e848206a2',1357676),('cd524ed3-7ab3-48d1-b717-0783d9c89f36','f1ef8359-cc22-4c37-8f41-3d4698a70eb5','030523 - CR Permanent SAFFOX - Terrasse R099.pdf','pdf','662c0c80441be_030523 - CR Permanent SAFFOX - Terrasse R099.pdf','2024-04-26 20:20:16','2024-04-26 20:21:56','09901f70-8e98-40b6-99ca-844c64739c44',592466),('cdb91fe5-a9ef-452c-b8c9-d614f4d998bd','6957a264-898c-477d-b35c-5e135272a263','5264-DISNEY-CASEY-S-CORNER---CRC-n-01.pdf','pdf','66049f862a45f_5264-DISNEY-CASEY-S-CORNER---CRC-n-01.pdf','2024-03-27 22:36:54','2024-11-27 15:13:52','88cfa345-871e-4545-bf44-887cdff2f477',558557),('ce4f07ef-4316-4ba1-810c-41ab169f4ad9','6957a264-898c-477d-b35c-5e135272a263','26032024 - CR Permanent SAFFOX - CASEY\'S CORNER.pdf','pdf','6604a054afa2f_26032024 - CR Permanent SAFFOX - CASEY\'S CORNER.pdf','2024-03-27 22:40:20','2024-11-27 15:13:52','984e4d15-0011-41bb-9426-89edd0ab1ca6',846864),('ce6bf05b-5732-467a-9bce-eb01036deb6f','6957a264-898c-477d-b35c-5e135272a263','14032024 - CR Permanent SAFFOX - CASEY\'S CORNER.pdf','pdf','6604a04d50cfd_14032024 - CR Permanent SAFFOX - CASEY\'S CORNER.pdf','2024-03-27 22:40:13','2024-11-27 15:13:52','984e4d15-0011-41bb-9426-89edd0ab1ca6',638141),('d0ec60b1-352f-4424-ba66-5af916e74fb3','f1ef8359-cc22-4c37-8f41-3d4698a70eb5','250123 - CR Permanent SAFFOX - Fantasia Gelati.pptx','pptx','662c0b74aeab5_250123 - CR Permanent SAFFOX - Fantasia Gelati.pptx','2024-04-26 20:15:48','2024-04-26 20:21:56','98548ebb-f962-4b42-bad4-96eabfdc2997',1992674),('d32a8aab-6f20-40b6-8c37-ccdbbb7ffdf2','f1ef8359-cc22-4c37-8f41-3d4698a70eb5','180223 - CR Permanent SAFFOX - Fantasia Gelati.pptx','pptx','662c0be6574a4_180223 - CR Permanent SAFFOX - Fantasia Gelati.pptx','2024-04-26 20:17:42','2024-04-26 20:21:56','857965c8-92e2-4c23-bc54-b144a273e50b',1126553),('d3782a86-60fe-4532-a332-66478c3d6728','6957a264-898c-477d-b35c-5e135272a263','19032024 - CR Permanent SAFFOX - CASEY\'S CORNER.pdf','pdf','6604a0512e0c4_19032024 - CR Permanent SAFFOX - CASEY\'S CORNER.pdf','2024-03-27 22:40:17','2024-11-27 15:13:52','984e4d15-0011-41bb-9426-89edd0ab1ca6',1301659),('d42beb2e-0846-44d0-9b9d-78769992ccb2','f1ef8359-cc22-4c37-8f41-3d4698a70eb5','130123 - CR Permanent SAFFOX - Fantasia Gelati.pptx','pptx','662c0b7546850_130123 - CR Permanent SAFFOX - Fantasia Gelati.pptx','2024-04-26 20:15:49','2024-04-26 20:21:56','98548ebb-f962-4b42-bad4-96eabfdc2997',3169026),('d437fd28-6c75-4535-bc7d-db8a71a49086','f1ef8359-cc22-4c37-8f41-3d4698a70eb5','180423 - CR Permanent SAFFOX - Terrasse R099.pptx','pptx','662c0c40071b1_180423 - CR Permanent SAFFOX - Terrasse R099.pptx','2024-04-26 20:19:12','2024-04-26 20:21:56','f7b3533c-5764-46a6-8824-be463749869c',16800216),('d664e8e4-5062-4220-b359-bca54a8b2ed4','f1ef8359-cc22-4c37-8f41-3d4698a70eb5','170523 - CR Permanent SAFFOX - Terrasse R099.pdf','pdf','662c0c8671e30_170523 - CR Permanent SAFFOX - Terrasse R099.pdf','2024-04-26 20:20:22','2024-04-26 20:21:56','09901f70-8e98-40b6-99ca-844c64739c44',472164),('d67860ab-e2b9-4442-a721-e555822e3de4','f1ef8359-cc22-4c37-8f41-3d4698a70eb5','Carte monteur belem salh-eddine.pdf','pdf','662c0a3604d5c_Carte monteur belem salh-eddine.pdf','2024-04-26 20:10:30','2024-04-26 20:21:56','9b123bb6-6384-4323-aa4a-a0b92007be68',282666),('d6e040cd-dcd1-4951-b341-dea77a6f00a7','f1ef8359-cc22-4c37-8f41-3d4698a70eb5','110523 - CR Permanent SAFFOX - Terrasse R099.pptx','pptx','662c0c849e4ce_110523 - CR Permanent SAFFOX - Terrasse R099.pptx','2024-04-26 20:20:20','2024-04-26 20:21:56','09901f70-8e98-40b6-99ca-844c64739c44',22664330),('d74ba4b0-6156-4ab8-a7ab-b64f78d3ffc0','f1ef8359-cc22-4c37-8f41-3d4698a70eb5','Carte monteur belem adel.pdf','pdf','662c0a35ec0a8_Carte monteur belem adel.pdf','2024-04-26 20:10:29','2024-04-26 20:21:56','9b123bb6-6384-4323-aa4a-a0b92007be68',275763),('d796ae26-8621-4293-9690-25e433eec31a','f1ef8359-cc22-4c37-8f41-3d4698a70eb5','190423 - CR Permanent SAFFOX - Terrasse R099 (1).pdf','pdf','662c0c3ac60b6_190423 - CR Permanent SAFFOX - Terrasse R099 (1).pdf','2024-04-26 20:19:06','2024-04-26 20:21:56','f7b3533c-5764-46a6-8824-be463749869c',1250602),('d7a3678f-cd2b-4f13-8c81-1e6ac2b94c21','7e5cdd75-d1cc-4aea-94be-a7bb9e2a1896','CV_Mehdi.pdf','pdf','6744d08b3ec3b_document-x4nCPIhiibjusQUs.pdf','2024-11-25 19:31:23','2024-11-28 20:47:26','4d057a63-7e39-4c7c-81fa-abd756830bf5',526657),('d8147bee-2c72-43e6-af09-b37a8e5d0d86','f1ef8359-cc22-4c37-8f41-3d4698a70eb5','Document PDF.pdf','pdf','662c09c6f00e3_Document PDF.pdf','2024-04-26 20:08:38','2024-04-26 20:21:56','f0add777-d8a9-4f21-9b96-9d87d5184559',240855),('d9e5a33a-a344-4b72-9df6-e01074a840c7','6957a264-898c-477d-b35c-5e135272a263','AIPR SDC.jpg','jpg','66049ff648795_AIPR SDC.jpg','2024-03-27 22:38:46','2024-11-27 15:13:52','3bbffe97-064f-488e-b132-06ff004c83d3',20954),('dac6dd39-8f91-4163-9331-8a46e1b95ab4','f1ef8359-cc22-4c37-8f41-3d4698a70eb5','230523 - CR Permanent SAFFOX - Terrasse R099.pptx','pptx','662c0c82a3bd2_230523 - CR Permanent SAFFOX - Terrasse R099.pptx','2024-04-26 20:20:18','2024-04-26 20:21:56','09901f70-8e98-40b6-99ca-844c64739c44',13934920),('dc472f70-85c5-4b6f-8426-472d88eeb5f8','f1ef8359-cc22-4c37-8f41-3d4698a70eb5','090623 - CR Permanent SAFFOX - Terrasse R099.pptx','pptx','662c0ca4f14e8_090623 - CR Permanent SAFFOX - Terrasse R099.pptx','2024-04-26 20:20:52','2024-04-26 20:21:56','8e6640bd-6447-4e32-a17d-cb9e848206a2',42412469),('dd9110df-3284-4abe-88ee-34f0e0abae75','6957a264-898c-477d-b35c-5e135272a263','08032024 - CR Permanent SAFFOX - CASEY\'S CORNER.pptx','pptx','6604a058863f8_08032024 - CR Permanent SAFFOX - CASEY\'S CORNER.pptx','2024-03-27 22:40:24','2024-11-27 15:13:52','984e4d15-0011-41bb-9426-89edd0ab1ca6',9745532),('e05c1a00-248b-462a-a1fe-1223882f1b24','f1ef8359-cc22-4c37-8f41-3d4698a70eb5','carte monteur tifoun lyes.pdf','pdf','662c0a360ddb5_carte monteur tifoun lyes.pdf','2024-04-26 20:10:30','2024-04-26 20:21:56','9b123bb6-6384-4323-aa4a-a0b92007be68',748345),('e15cffc3-3344-4552-bd25-6308010c71bc','f1ef8359-cc22-4c37-8f41-3d4698a70eb5','070223 - CR Permanent SAFFOX - Fantasia Gelati.pptx','pptx','662c0be6493ae_070223 - CR Permanent SAFFOX - Fantasia Gelati.pptx','2024-04-26 20:17:42','2024-04-26 20:21:56','857965c8-92e2-4c23-bc54-b144a273e50b',5071028),('e3797ade-22b0-4e0a-b16f-191f334cba94','f1ef8359-cc22-4c37-8f41-3d4698a70eb5','140623 - CR Permanent SAFFOX - Terrasse R099.pdf','pdf','662c0cad19edd_140623 - CR Permanent SAFFOX - Terrasse R099.pdf','2024-04-26 20:21:01','2024-04-26 20:21:56','8e6640bd-6447-4e32-a17d-cb9e848206a2',734230),('e3f3c8b7-85e9-47b9-9041-77e4f5169ecd','f1ef8359-cc22-4c37-8f41-3d4698a70eb5','160623 - CR Permanent SAFFOX - Terrasse R099.pptx','pptx','662c0ca997deb_160623 - CR Permanent SAFFOX - Terrasse R099.pptx','2024-04-26 20:20:57','2024-04-26 20:21:56','8e6640bd-6447-4e32-a17d-cb9e848206a2',22239613),('e8ad94a9-b4d6-496e-b5dc-7936add92540','6957a264-898c-477d-b35c-5e135272a263','13032024 - CR Permanent SAFFOX - CASEY\'S CORNER-1.pdf','pdf','6604a04ec8b0e_13032024 - CR Permanent SAFFOX - CASEY\'S CORNER-1.pdf','2024-03-27 22:40:14','2024-11-27 15:13:52','984e4d15-0011-41bb-9426-89edd0ab1ca6',1144464),('e98cac84-3bd7-4a0a-9b05-b849c4290918','6957a264-898c-477d-b35c-5e135272a263','IDDIS230310A_RJ011_IC Saint-denis construction _240212.pdf','pdf','66049ec263c84_IDDIS230310A_RJ011_IC Saint-denis construction _240212.pdf','2024-03-27 22:33:38','2024-11-27 15:13:52','46324779-e5d9-4f07-a71d-c68638d30dc3',398359),('ea76d941-2673-4b66-ae8b-96d91887b8fe','f1ef8359-cc22-4c37-8f41-3d4698a70eb5','270423 - CR Permanent SAFFOX - Terrasse R099.pptx','pptx','662c0c3e53e9c_270423 - CR Permanent SAFFOX - Terrasse R099.pptx','2024-04-26 20:19:10','2024-04-26 20:21:56','f7b3533c-5764-46a6-8824-be463749869c',3523029),('eb8f2b36-6137-48ad-9424-8f04193d84fd','6957a264-898c-477d-b35c-5e135272a263','22032024 - CR Permanent SAFFOX - CASEY\'S CORNER.pdf','pdf','6604a04fdf9f3_22032024 - CR Permanent SAFFOX - CASEY\'S CORNER.pdf','2024-03-27 22:40:15','2024-11-27 15:13:52','984e4d15-0011-41bb-9426-89edd0ab1ca6',1331491),('ec54c2ce-d0f4-4ca2-8c6c-2ef770336d87','f1ef8359-cc22-4c37-8f41-3d4698a70eb5','120423 - CR Permanent SAFFOX - Terrasse R099.pptx','pptx','662c0c3e71e57_120423 - CR Permanent SAFFOX - Terrasse R099.pptx','2024-04-26 20:19:10','2024-04-26 20:21:56','f7b3533c-5764-46a6-8824-be463749869c',7572585),('edd14b2e-91e9-4382-b439-e450e44981b2','6957a264-898c-477d-b35c-5e135272a263','vgp grue de chargement snee fin de validité juillet 2024.pdf','pdf','6604a00ff0621_vgp grue de chargement snee fin de validité juillet 2024.pdf','2024-03-27 22:39:11','2024-11-27 15:13:52','491cdb5b-26dd-4292-a805-8e710b7c3fd4',108958),('ee578aad-ef42-4815-a46d-ef7ca0e2226e','f1ef8359-cc22-4c37-8f41-3d4698a70eb5','190123 - CR Permanent SAFFOX - Fantasia Gelati.pptx','pptx','662c0b74c2d3e_190123 - CR Permanent SAFFOX - Fantasia Gelati.pptx','2024-04-26 20:15:48','2024-04-26 20:21:56','98548ebb-f962-4b42-bad4-96eabfdc2997',1985454),('ef941cf5-3dd1-4a0d-8ddf-058fa8f830e2','f1ef8359-cc22-4c37-8f41-3d4698a70eb5','100523 - CR Permanent SAFFOX - Terrasse R099.pdf','pdf','662c0c8039def_100523 - CR Permanent SAFFOX - Terrasse R099.pdf','2024-04-26 20:20:16','2024-04-26 20:21:56','09901f70-8e98-40b6-99ca-844c64739c44',375220),('f00d3a18-fb60-4f92-9868-31bb1834e13a','f1ef8359-cc22-4c37-8f41-3d4698a70eb5','240223 - CR Permanent SAFFOX - Fantasia Gelati.pptx','pptx','662c0be6383f7_240223 - CR Permanent SAFFOX - Fantasia Gelati.pptx','2024-04-26 20:17:42','2024-04-26 20:21:56','857965c8-92e2-4c23-bc54-b144a273e50b',4864489),('f13c1788-ddbb-46cd-819a-67b872901696','6957a264-898c-477d-b35c-5e135272a263','27032024 - CR Permanent SAFFOX - CASEY\'S CORNER.pdf','pdf','6604a04f17867_27032024 - CR Permanent SAFFOX - CASEY\'S CORNER.pdf','2024-03-27 22:40:15','2024-11-27 15:13:52','984e4d15-0011-41bb-9426-89edd0ab1ca6',650963),('f1c8452d-f259-4780-9231-ac2653c6262b','f1ef8359-cc22-4c37-8f41-3d4698a70eb5','260523 - CR Permanent SAFFOX - Terrasse R099.pdf','pdf','662c0c85d92b2_260523 - CR Permanent SAFFOX - Terrasse R099.pdf','2024-04-26 20:20:21','2024-04-26 20:21:56','09901f70-8e98-40b6-99ca-844c64739c44',778463),('f1c931c7-eb6a-4c25-8a2a-f95e8dca89d1','f1ef8359-cc22-4c37-8f41-3d4698a70eb5','2023-05-30 Planning R099.pdf','pdf','662c0946e13b8_2023-05-30 Planning R099.pdf','2024-04-26 20:06:30','2024-04-26 20:21:56','043588d2-c90c-474c-9e50-7aabcd6f2424',570872),('f1d37a68-32f3-49f4-a807-39ebb6bab066','6957a264-898c-477d-b35c-5e135272a263','5264-DISNEY-CASEY-S-CORNER---CRC-n-02.pdf','pdf','66049f85dcafc_5264-DISNEY-CASEY-S-CORNER---CRC-n-02.pdf','2024-03-27 22:36:53','2024-11-27 15:13:52','88cfa345-871e-4545-bf44-887cdff2f477',572648),('f573d41d-97b4-4829-b81b-b5d9b3b52a4f','f1ef8359-cc22-4c37-8f41-3d4698a70eb5','270423 - CR Permanent SAFFOX - Terrasse R099.pdf','pdf','662c0c3dc2922_270423 - CR Permanent SAFFOX - Terrasse R099.pdf','2024-04-26 20:19:09','2024-04-26 20:21:56','f7b3533c-5764-46a6-8824-be463749869c',347308),('fd68c96f-eb7d-4681-8e33-9480f293699c','f1ef8359-cc22-4c37-8f41-3d4698a70eb5','000081ef.pdf','pdf','662c09c6ee382_000081ef.pdf','2024-04-26 20:08:38','2024-04-26 20:21:56','f0add777-d8a9-4f21-9b96-9d87d5184559',383061);
/*!40000 ALTER TABLE `media_object` ENABLE KEYS */;
UNLOCK TABLES;

--
-- Table structure for table `media_object_user`
--

DROP TABLE IF EXISTS `media_object_user`;
/*!40101 SET @saved_cs_client     = @@character_set_client */;
/*!50503 SET character_set_client = utf8mb4 */;
CREATE TABLE `media_object_user` (
  `media_object_id` char(36) COLLATE utf8mb4_unicode_ci NOT NULL COMMENT '(DC2Type:uuid)',
  `user_id` char(36) COLLATE utf8mb4_unicode_ci NOT NULL COMMENT '(DC2Type:uuid)',
  PRIMARY KEY (`media_object_id`,`user_id`),
  KEY `IDX_E7EE98C964DE5A5` (`media_object_id`),
  KEY `IDX_E7EE98C9A76ED395` (`user_id`),
  CONSTRAINT `FK_E7EE98C964DE5A5` FOREIGN KEY (`media_object_id`) REFERENCES `media_object` (`id`) ON DELETE CASCADE,
  CONSTRAINT `FK_E7EE98C9A76ED395` FOREIGN KEY (`user_id`) REFERENCES `user` (`id`) ON DELETE CASCADE
) ENGINE=InnoDB DEFAULT CHARSET=utf8mb4 COLLATE=utf8mb4_unicode_ci;
/*!40101 SET character_set_client = @saved_cs_client */;

--
-- Dumping data for table `media_object_user`
--

LOCK TABLES `media_object_user` WRITE;
/*!40000 ALTER TABLE `media_object_user` DISABLE KEYS */;
/*!40000 ALTER TABLE `media_object_user` ENABLE KEYS */;
UNLOCK TABLES;

--
-- Table structure for table `module`
--

DROP TABLE IF EXISTS `module`;
/*!40101 SET @saved_cs_client     = @@character_set_client */;
/*!50503 SET character_set_client = utf8mb4 */;
CREATE TABLE `module` (
  `id` int NOT NULL AUTO_INCREMENT,
  `name` varchar(255) COLLATE utf8mb4_unicode_ci NOT NULL,
  `code` varchar(255) COLLATE utf8mb4_unicode_ci NOT NULL,
  PRIMARY KEY (`id`)
) ENGINE=InnoDB AUTO_INCREMENT=5 DEFAULT CHARSET=utf8mb4 COLLATE=utf8mb4_unicode_ci;
/*!40101 SET character_set_client = @saved_cs_client */;

--
-- Dumping data for table `module`
--

LOCK TABLES `module` WRITE;
/*!40000 ALTER TABLE `module` DISABLE KEYS */;
INSERT INTO `module` VALUES (3,'QR Drive','QRD'),(4,'QR Form','PT');
/*!40000 ALTER TABLE `module` ENABLE KEYS */;
UNLOCK TABLES;

--
-- Table structure for table `notification`
--

DROP TABLE IF EXISTS `notification`;
/*!40101 SET @saved_cs_client     = @@character_set_client */;
/*!50503 SET character_set_client = utf8mb4 */;
CREATE TABLE `notification` (
  `id` char(36) COLLATE utf8mb4_unicode_ci NOT NULL COMMENT '(DC2Type:uuid)',
  `operation_id` char(36) COLLATE utf8mb4_unicode_ci DEFAULT NULL COMMENT '(DC2Type:uuid)',
  `title` varchar(255) COLLATE utf8mb4_unicode_ci NOT NULL,
  `content` varchar(255) COLLATE utf8mb4_unicode_ci NOT NULL,
  `icon` varchar(255) COLLATE utf8mb4_unicode_ci DEFAULT NULL,
  `created_at` datetime NOT NULL,
  `updated_at` datetime NOT NULL,
  PRIMARY KEY (`id`),
  KEY `IDX_BF5476CA44AC3583` (`operation_id`),
  CONSTRAINT `FK_BF5476CA44AC3583` FOREIGN KEY (`operation_id`) REFERENCES `operation` (`id`)
) ENGINE=InnoDB DEFAULT CHARSET=utf8mb4 COLLATE=utf8mb4_unicode_ci;
/*!40101 SET character_set_client = @saved_cs_client */;

--
-- Dumping data for table `notification`
--

LOCK TABLES `notification` WRITE;
/*!40000 ALTER TABLE `notification` DISABLE KEYS */;
INSERT INTO `notification` VALUES ('004be7e4-a3ef-4703-8f3e-002d74098caa','6957a264-898c-477d-b35c-5e135272a263','Fichier ajouté','Le fichier \"IDDIS230309A_RJ008_PGC CASEY\'S CORNER_240126.pdf\" a bien été ajouté à votre QR Drive.','fa-file','2024-03-27 22:27:30','2024-03-27 22:27:30'),('01770d04-daeb-4994-acc4-65e319923c57','8a9fcfa0-26df-4419-b686-58a8a2e47944','Dossier créé','Le dossier \"FORMATIONS\" a été créé avec succès.','fa-folder','2024-11-26 13:30:30','2024-11-26 13:30:30'),('01e2785b-127d-468e-ad59-d1577c860531','6957a264-898c-477d-b35c-5e135272a263','Fichier ajouté','Le fichier \"IDDIS230310A_RJ022_IC SNEE_240220.pdf\" a bien été ajouté à votre QR Drive.','fa-file','2024-03-27 22:31:13','2024-03-27 22:31:13'),('0302c57b-a11f-4499-86f3-79ab15c48f1e','6957a264-898c-477d-b35c-5e135272a263','Fichier ajouté','Le fichier \"Planning enveloppe CASEY_S CORNER & PHOTOLOCATION.pdf\" a bien été ajouté à votre QR Drive.','fa-file','2024-03-27 22:34:32','2024-03-27 22:34:32'),('031bd117-c196-44de-b4c5-0e60ef5da7bf','7e5cdd75-d1cc-4aea-94be-a7bb9e2a1896','Fichier ajouté','Le fichier \"Capture d’écran 2024-04-10 à 00.17.22.png\" a bien été ajouté à votre QR Drive.','fa-file','2024-04-27 17:27:05','2024-04-27 17:27:05'),('0387986e-48b5-4e8f-b839-9349ea9a188f','6957a264-898c-477d-b35c-5e135272a263','Fichier ajouté','Le fichier \"IDDIS230310A_RJ015_IC IDRD_240215.pdf\" a bien été ajouté à votre QR Drive.','fa-file','2024-03-27 22:32:17','2024-03-27 22:32:17'),('03cb4d0b-8699-4466-ae63-c868ce0a3e8b','f1ef8359-cc22-4c37-8f41-3d4698a70eb5','Fichier ajouté','Le fichier \"160623 - CR Permanent SAFFOX - Terrasse R099.pdf\" a bien été ajouté à votre QR Drive.','fa-file','2024-04-26 20:21:06','2024-04-26 20:21:06'),('03d755bf-c76a-44af-b89c-293d0cba16ef','f1ef8359-cc22-4c37-8f41-3d4698a70eb5','Fichier ajouté','Le fichier \"180423 - CR Permanent SAFFOX - Terrasse R099.pptx\" a bien été ajouté à votre QR Drive.','fa-file','2024-04-26 20:19:12','2024-04-26 20:19:12'),('062c7191-4e9f-4510-8d5a-be550863420f','7e5cdd75-d1cc-4aea-94be-a7bb9e2a1896','Utilisateur modifié','L\'utilisateur \"bilal@saffox.eu\" a été modifié avec succès.','fa-user','2024-04-24 22:48:47','2024-04-24 22:48:47'),('06441719-9d69-400d-9ecf-62160ad5523d','7e5cdd75-d1cc-4aea-94be-a7bb9e2a1896','Fichier ajouté','Le fichier \"Capture d’écran 2024-04-15 à 23.36.35.png\" a bien été ajouté à votre QR Drive.','fa-file','2024-04-27 17:21:45','2024-04-27 17:21:45'),('06b9ef91-95a2-4907-a16d-db02dc08e4a9','6957a264-898c-477d-b35c-5e135272a263','Utilisateur non créé','L\'utilisateur \"oko@gmail.com\" n\'a pas été créé pour cause de limite atteinte.','fa-warning','2024-04-02 15:14:28','2024-04-02 15:14:28'),('0793793f-f0ea-43e4-b8fd-120695e994ef','f1ef8359-cc22-4c37-8f41-3d4698a70eb5','Fichier ajouté','Le fichier \"2023-04-28-Planning R099.pdf\" a bien été ajouté à votre QR Drive.','fa-file','2024-04-26 20:08:08','2024-04-26 20:08:08'),('08360b21-44a0-40a5-8cbc-f71080a559e7','7e5cdd75-d1cc-4aea-94be-a7bb9e2a1896','Dossier supprimé','Le dossier \"Tutorials\" a été supprimé avec succès.','fa-trash','2024-01-18 09:04:44','2024-01-18 09:04:44'),('08762c2a-c893-4964-8531-85c33c77539d','f1ef8359-cc22-4c37-8f41-3d4698a70eb5','Fichier renommé','Le fichier \"3. ENTREPRISE\" a été renommé \"3. ENTREPRISES\".','fa-file','2024-04-26 19:48:02','2024-04-26 19:48:02'),('08c0d98d-4859-4a46-8b35-85f22030cc69','f1ef8359-cc22-4c37-8f41-3d4698a70eb5','Fichier ajouté','Le fichier \"270123 - CR Permanent SAFFOX - Fantasia Gelati.pptx\" a bien été ajouté à votre QR Drive.','fa-file','2024-04-26 20:17:19','2024-04-26 20:17:19'),('097a2d5d-ad86-42b1-afd3-6c4e98710417','7e5cdd75-d1cc-4aea-94be-a7bb9e2a1896','Dossier créé','Le dossier \"HABILITATIONS\" a été créé avec succès.','fa-folder','2024-07-08 14:46:38','2024-07-08 14:46:38'),('0a578e9a-5140-4f86-b9a0-dd092109bb92','4908530a-559f-4650-8fd0-1f2875c8213d','Nouveau champs','Le champs \"Email\" a été ajouté au QR Form','fa-form','2024-03-27 21:48:38','2024-03-27 21:48:38'),('0aaf4ed0-26a5-457b-8458-1c217fbdb58a','7e5cdd75-d1cc-4aea-94be-a7bb9e2a1896','Dossier supprimé','Le dossier \"test\" a été supprimé avec succès.','fa-trash','2024-01-05 16:13:03','2024-01-05 16:13:03'),('0db643b2-d816-4b9b-9bfb-9d4316f357a8','6957a264-898c-477d-b35c-5e135272a263','Dossier créé','Le dossier \"MEDINGER\" a été créé avec succès.','fa-folder','2024-03-27 22:34:57','2024-03-27 22:34:57'),('0f945ebd-8c32-4c2e-ba11-c8b79a896fb8','6957a264-898c-477d-b35c-5e135272a263','Fichier ajouté','Le fichier \"FORMATION PORT DU HARNAIS SNEE.JPG\" a bien été ajouté à votre QR Drive.','fa-file','2024-03-27 22:39:12','2024-03-27 22:39:12'),('100b99c7-2bb8-458d-8aab-8d20f242f51f','6957a264-898c-477d-b35c-5e135272a263','Fichier ajouté','Le fichier \"IDDIS230310A_RJ011_IC Saint-denis construction _240212.pdf\" a bien été ajouté à votre QR Drive.','fa-file','2024-03-27 22:27:51','2024-03-27 22:27:51'),('105b6820-6f8f-4092-ac71-b217c131f08c','7e5cdd75-d1cc-4aea-94be-a7bb9e2a1896','Fichier ajouté','Le fichier \"Capture d’écran 2024-03-30 à 13.13.12.png\" a bien été ajouté à votre QR Drive.','fa-file','2024-04-27 17:23:05','2024-04-27 17:23:05'),('1061da39-8921-46c9-9182-c06d52a1bb9a','6957a264-898c-477d-b35c-5e135272a263','Fichier ajouté','Le fichier \"IDDIS230310A_RJ017_IC GROUPELOISELEURS_240215.pdf\" a bien été ajouté à votre QR Drive.','fa-file','2024-03-27 22:32:17','2024-03-27 22:32:17'),('10b7f5ea-ccd1-49aa-9e0b-e8c29278767f','f1ef8359-cc22-4c37-8f41-3d4698a70eb5','Dossier créé','Le dossier \"CQP Monteurs\" a été créé avec succès.','fa-folder','2024-04-26 20:09:43','2024-04-26 20:09:43'),('120506d6-5dda-4882-bfad-29b6372c2797','7e5cdd75-d1cc-4aea-94be-a7bb9e2a1896','Utilisateur modifié','L\'utilisateur \"etudes@saffox.eu\" a été modifié avec succès.','fa-user','2024-03-20 14:27:03','2024-03-20 14:27:03'),('12e93540-c015-434b-8131-98a6c9f94762','6957a264-898c-477d-b35c-5e135272a263','Dossier créé','Le dossier \"3. ENTREPRISE\" a été créé avec succès.','fa-folder','2024-03-27 22:34:51','2024-03-27 22:34:51'),('12f22201-7a83-439c-8507-6687e48518c9','6957a264-898c-477d-b35c-5e135272a263','Dossier créé','Le dossier \"CACES\" a été créé avec succès.','fa-folder','2024-06-14 17:11:52','2024-06-14 17:11:52'),('1304d834-8257-4b3c-8711-b052c7f60b31','7e5cdd75-d1cc-4aea-94be-a7bb9e2a1896','Dossier créé','Le dossier \"Dossier\" a été créé avec succès.','fa-folder','2024-04-24 22:50:32','2024-04-24 22:50:32'),('140e3286-eeb0-4a58-a7e0-6970e841178e','7e5cdd75-d1cc-4aea-94be-a7bb9e2a1896','Fichier ajouté','Le fichier \"Capture d’écran 2024-03-30 à 13.13.28.png\" a bien été ajouté à votre QR Drive.','fa-file','2024-04-27 17:21:45','2024-04-27 17:21:45'),('145e7073-ed47-4926-b470-638b2301a887','7e5cdd75-d1cc-4aea-94be-a7bb9e2a1896','Accès fichier modifiés','Les accès du fichier \"Tutorials\" ont été modifié.','fa-file','2024-01-18 12:53:26','2024-01-18 12:53:26'),('14606af9-be34-455b-bf21-b32a75247299','f1ef8359-cc22-4c37-8f41-3d4698a70eb5','Fichier ajouté','Le fichier \"090223 - CR Permanent SAFFOX - FANTASIA GELATI.pdf\" a bien été ajouté à votre QR Drive.','fa-file','2024-04-26 20:17:43','2024-04-26 20:17:43'),('14c364eb-52f8-4539-bf90-ac86779195ac','f1ef8359-cc22-4c37-8f41-3d4698a70eb5','Fichier ajouté','Le fichier \"080223 - CR Permanent SAFFOX - FANTASIA GELATI.pdf\" a bien été ajouté à votre QR Drive.','fa-file','2024-04-26 20:17:43','2024-04-26 20:17:43'),('14d27c58-3f77-491a-98e7-f320a313edee','f1ef8359-cc22-4c37-8f41-3d4698a70eb5','Fichier ajouté','Le fichier \"120123 - CR Permanent SAFFOX - Fantasia Gelati.pptx\" a bien été ajouté à votre QR Drive.','fa-file','2024-04-26 20:15:49','2024-04-26 20:15:49'),('1504a494-eb2a-4946-9c17-cbb7914da401','f1ef8359-cc22-4c37-8f41-3d4698a70eb5','Dossier créé','Le dossier \"1. JANVIER 2024\" a été créé avec succès.','fa-folder','2024-04-26 20:14:38','2024-04-26 20:14:38'),('15bc0e9c-1c43-4b11-bd2a-998ba64bf6df','f1ef8359-cc22-4c37-8f41-3d4698a70eb5','Fichier ajouté','Le fichier \"140423 - CR Permanent SAFFOX - Terrasse R099.pptx\" a bien été ajouté à votre QR Drive.','fa-file','2024-04-26 20:19:11','2024-04-26 20:19:11'),('15d307c6-c845-435b-a59f-6fef34aad3c9','7e5cdd75-d1cc-4aea-94be-a7bb9e2a1896','Utilisateur créé','L\'utilisateur \"test4@gmail.com\" a été ajouté à votre opération.','fa-user','2024-04-26 10:16:36','2024-04-26 10:16:36'),('160373d7-65d4-4eb2-b463-3449c1844a79','7e5cdd75-d1cc-4aea-94be-a7bb9e2a1896','Dossier créé','Le dossier \"test\" a été créé avec succès.','fa-folder','2024-03-13 20:43:46','2024-03-13 20:43:46'),('167d4bfd-d8de-476c-a65e-45a7346b4939','7e5cdd75-d1cc-4aea-94be-a7bb9e2a1896','Fichier ajouté','Le fichier \"Capture d’écran 2024-04-11 à 16.31.29.png\" a bien été ajouté à votre QR Drive.','fa-file','2024-04-27 17:21:45','2024-04-27 17:21:45'),('1765c039-f75b-470a-b6ef-fe66826354d5','6957a264-898c-477d-b35c-5e135272a263','Dossier créé','Le dossier \"HABILITATION ÉLECTRIQUE\" a été créé avec succès.','fa-folder','2024-06-14 17:11:36','2024-06-14 17:11:36'),('176f6ead-b9f6-40cd-873c-fb0e9b62169d','7e5cdd75-d1cc-4aea-94be-a7bb9e2a1896','Fichier ajouté','Le fichier \"Capture d’écran 2024-03-29 à 18.43.40.png\" a bien été ajouté à votre QR Drive.','fa-file','2024-04-27 17:27:05','2024-04-27 17:27:05'),('19ba9987-c1ef-455b-a599-74ab440bb107','7e5cdd75-d1cc-4aea-94be-a7bb9e2a1896','Accès fichier modifiés','Les accès du fichier \"test pv\" ont été modifié.','fa-file','2024-11-28 20:13:06','2024-11-28 20:13:06'),('1a6e83f7-9dcd-41fe-ab8e-d5b07376509e','7e5cdd75-d1cc-4aea-94be-a7bb9e2a1896','Fichier ajouté','Le fichier \"Entrée - Maison Anamour.pdf\" a bien été ajouté à votre QR Drive.','fa-file','2024-04-19 21:39:47','2024-04-19 21:39:47'),('1abe1b39-1377-4896-b5e3-93c51530791b','7e5cdd75-d1cc-4aea-94be-a7bb9e2a1896','Dossier créé','Le dossier \"test\" a été créé avec succès.','fa-folder','2024-03-20 16:32:37','2024-03-20 16:32:37'),('1b15610d-6ce3-4b85-8ecf-84bba44ad81b','66080147-2225-47be-b111-442edd21bfff','Nouveau champs','Le champs \"Email\" a été ajouté au QR Form','fa-form','2024-09-05 10:54:01','2024-09-05 10:54:01'),('1b1aa906-4f4a-4f73-b365-d8c9a2d4c335','f1ef8359-cc22-4c37-8f41-3d4698a70eb5','Fichier ajouté','Le fichier \"250423 - CR Permanent SAFFOX - Terrasse R099.pdf\" a bien été ajouté à votre QR Drive.','fa-file','2024-04-26 20:19:11','2024-04-26 20:19:11'),('1c50f492-da66-4d5b-b474-aeb82d141e06','f1ef8359-cc22-4c37-8f41-3d4698a70eb5','Fichier ajouté','Le fichier \"010623 - CR Permanent SAFFOX - Terrasse R099.pptx\" a bien été ajouté à votre QR Drive.','fa-file','2024-04-26 20:21:07','2024-04-26 20:21:07'),('1c63f6a8-5a52-4e79-a856-ef51c815ca8e','6957a264-898c-477d-b35c-5e135272a263','Fichier ajouté','Le fichier \"NCVRD-RENDU-DINSEY-NUIT-CASEY CORNER-121223-INDA.pdf\" a bien été ajouté à votre QR Drive.','fa-file','2024-03-27 22:47:22','2024-03-27 22:47:22'),('1ed1db55-08f6-49df-9f01-dfedc7b48fb9','7e5cdd75-d1cc-4aea-94be-a7bb9e2a1896','Fichier ajouté','Le fichier \"CLIENTS SAFFOX - ELEMENTS MANQ 23.xlsx\" a bien été ajouté à votre QR Drive.','fa-file','2024-04-24 22:56:46','2024-04-24 22:56:46'),('1f942c16-497e-469c-be3b-9c5b1bb78946','7e5cdd75-d1cc-4aea-94be-a7bb9e2a1896','Utilisateur supprimé','L\'utilisateur \"test@gmail.com\" a été supprimé de l\'opération.','fa-trash','2024-01-16 20:42:59','2024-01-16 20:42:59'),('1fa9d42e-db96-4494-a237-a8d8988896b9','f1ef8359-cc22-4c37-8f41-3d4698a70eb5','Dossier créé','Le dossier \"Plan\" a été créé avec succès.','fa-folder','2024-04-26 20:10:05','2024-04-26 20:10:05'),('22449219-d32b-4271-895a-0600723f912a','7e5cdd75-d1cc-4aea-94be-a7bb9e2a1896','Fichier non importé','Le fichier \"Capture d’écran 2024-04-20 à 15.12.50.png\" n\'a pas été importé pour cause de manque d\'espace.','fa-warning','2024-04-27 17:21:43','2024-04-27 17:21:43'),('227b214c-2d58-4e54-bf68-0ee772e1e1bd','7e5cdd75-d1cc-4aea-94be-a7bb9e2a1896','Fichier ajouté','Le fichier \"Capture d’écran 2024-04-11 à 16.37.44.png\" a bien été ajouté à votre QR Drive.','fa-file','2024-04-27 17:23:05','2024-04-27 17:23:05'),('22be1871-f544-443a-a8d2-0ed1b453af2c','f1ef8359-cc22-4c37-8f41-3d4698a70eb5','Dossier créé','Le dossier \"2. PLANNING\" a été créé avec succès.','fa-folder','2024-04-26 19:47:48','2024-04-26 19:47:48'),('2405b610-7388-49f4-86a8-5a1017b07953','f1ef8359-cc22-4c37-8f41-3d4698a70eb5','Fichier ajouté','Le fichier \"030523 - CR Permanent SAFFOX - Terrasse R099.pdf\" a bien été ajouté à votre QR Drive.','fa-file','2024-04-26 20:20:23','2024-04-26 20:20:23'),('244e231f-d84d-4a2e-a010-54a30c86456e','6957a264-898c-477d-b35c-5e135272a263','Fichier ajouté','Le fichier \"IDDIS230309A_RJ009_DIU CASEY\'S CORNER PHOTOLOCATION_240126.pdf\" a bien été ajouté à votre QR Drive.','fa-file','2024-03-27 22:27:27','2024-03-27 22:27:27'),('25802d00-df06-4cf0-b29d-7f62b46d925b','6957a264-898c-477d-b35c-5e135272a263','Fichier ajouté','Le fichier \"DOC PRESENTATION CRAMIF DU 25 01 24 .pdf\" a bien été ajouté à votre QR Drive.','fa-file','2024-03-27 22:47:40','2024-03-27 22:47:40'),('258c847b-0813-4495-ad50-a8ab04798b29','f1ef8359-cc22-4c37-8f41-3d4698a70eb5','Fichier renommé','Le fichier \"5. MAI 2025\" a été renommé \"5. MAI 2024\".','fa-file','2024-04-26 20:15:16','2024-04-26 20:15:16'),('25fbfb6c-5bb8-47b9-bc45-1d0bebd35746','f1ef8359-cc22-4c37-8f41-3d4698a70eb5','Fichier ajouté','Le fichier \"160623 - CR Permanent SAFFOX - Terrasse R099.pptx\" a bien été ajouté à votre QR Drive.','fa-file','2024-04-26 20:21:06','2024-04-26 20:21:06'),('2691a45c-9f53-44a7-ba88-a09492a88389','f1ef8359-cc22-4c37-8f41-3d4698a70eb5','Fichier ajouté','Le fichier \"080623 - CR Permanent SAFFOX - Terrasse R099.pptx\" a bien été ajouté à votre QR Drive.','fa-file','2024-04-26 20:21:07','2024-04-26 20:21:07'),('285658cf-3b2a-4247-979f-49b142ea8993','f1ef8359-cc22-4c37-8f41-3d4698a70eb5','Fichier ajouté','Le fichier \"130623 - CR Permanent SAFFOX - Terrasse R099.pptx\" a bien été ajouté à votre QR Drive.','fa-file','2024-04-26 20:21:06','2024-04-26 20:21:06'),('28e6aad2-de98-456a-ac43-cc1e190a408d','f1ef8359-cc22-4c37-8f41-3d4698a70eb5','Fichier ajouté','Le fichier \"200423 - CR Permanent SAFFOX - Terrasse R099.pptx\" a bien été ajouté à votre QR Drive.','fa-file','2024-04-26 20:19:11','2024-04-26 20:19:11'),('2a997067-5b4a-4e7f-b42b-cc8c09e12eb9','f1ef8359-cc22-4c37-8f41-3d4698a70eb5','Fichier ajouté','Le fichier \"230223 - CR Permanent SAFFOX - Fantasia Gelati.pptx\" a bien été ajouté à votre QR Drive.','fa-file','2024-04-26 20:17:43','2024-04-26 20:17:43'),('2be29278-6778-4e1a-9274-e80d364edcb5','7e5cdd75-d1cc-4aea-94be-a7bb9e2a1896','Utilisateur modifié','L\'utilisateur \"test2@gmail.com\" a été modifié avec succès.','fa-user','2024-03-14 19:45:34','2024-03-14 19:45:34'),('2c5ff941-0fcf-4f81-9fc7-bb72b9d5f59a','f1ef8359-cc22-4c37-8f41-3d4698a70eb5','Fichier ajouté','Le fichier \"130423 - CR Permanent SAFFOX - Terrasse R099.pptx\" a bien été ajouté à votre QR Drive.','fa-file','2024-04-26 20:19:11','2024-04-26 20:19:11'),('2e12cfb4-7aeb-4634-adc4-6cf68747af74','6957a264-898c-477d-b35c-5e135272a263','Dossier créé','Le dossier \"Julien Renard\" a été créé avec succès.','fa-folder','2024-06-14 17:10:42','2024-06-14 17:10:42'),('2e34d54f-79b8-4a49-ae84-df1ca332ef0c','f1ef8359-cc22-4c37-8f41-3d4698a70eb5','Fichier ajouté','Le fichier \"280623 - CR Permanent SAFFOX - Terrasse R099_Toiture C1 et C2.pptx\" a bien été ajouté à votre QR Drive.','fa-file','2024-04-26 20:21:06','2024-04-26 20:21:06'),('2e8324a3-bc1e-47ac-aadb-7b350b5e7db6','6957a264-898c-477d-b35c-5e135272a263','Dossier créé','Le dossier \"PGC\" a été créé avec succès.','fa-folder','2024-03-27 22:26:27','2024-03-27 22:26:27'),('3099465c-abeb-4322-8b92-8f9fc026ee42','f1ef8359-cc22-4c37-8f41-3d4698a70eb5','Fichier ajouté','Le fichier \"240523 - CR Permanent SAFFOX - Terrasse R099.pptx\" a bien été ajouté à votre QR Drive.','fa-file','2024-04-26 20:20:23','2024-04-26 20:20:23'),('30cf4508-fe2e-4b14-97da-569b5225d2ce','f1ef8359-cc22-4c37-8f41-3d4698a70eb5','Fichier ajouté','Le fichier \"300623 - CR Permanent SAFFOX - Terrasse R099_Toiture C1 et C2.pptx\" a bien été ajouté à votre QR Drive.','fa-file','2024-04-26 20:21:06','2024-04-26 20:21:06'),('30d990d2-93bd-4dfc-88ae-b9c3e08e85dd','7e5cdd75-d1cc-4aea-94be-a7bb9e2a1896','Fichier non importé','Le fichier \"2023-12-dev4you-7312-compte-principal-1-statement-6.pdf\" n\'a pas été importé pour cause de manque d\'espace.','fa-warning','2024-01-04 15:53:04','2024-01-04 15:53:04'),('3186df37-141c-4049-8bba-e215e2c9ca80','7e5cdd75-d1cc-4aea-94be-a7bb9e2a1896','Fichier ajouté','Le fichier \"Capture d’écran 2024-04-23 à 00.38.01.png\" a bien été ajouté à votre QR Drive.','fa-file','2024-04-27 17:21:45','2024-04-27 17:21:45'),('31a93fe6-baaf-4b8a-9866-c7d65b9abcbc','6957a264-898c-477d-b35c-5e135272a263','Fichier ajouté','Le fichier \"07032024 - CR Permanent SAFFOX - CASEY\'S CORNER.pdf\" a bien été ajouté à votre QR Drive.','fa-file','2024-03-27 22:40:22','2024-03-27 22:40:22'),('32603415-bc76-45a4-b919-091f4b20d1fb','6957a264-898c-477d-b35c-5e135272a263','Fichier ajouté','Le fichier \"IDDIS230310A_RJ014_IC LOCAMOD_240215.pdf\" a bien été ajouté à votre QR Drive.','fa-file','2024-03-27 22:32:17','2024-03-27 22:32:17'),('328d702a-499b-479f-b90a-0f09e11a9a22','7e5cdd75-d1cc-4aea-94be-a7bb9e2a1896','Dossier supprimé','Le dossier \"test\" a été supprimé avec succès.','fa-trash','2024-03-13 20:43:48','2024-03-13 20:43:48'),('330c7da3-4d44-40f1-8347-c7c6fdb6db3f','7e5cdd75-d1cc-4aea-94be-a7bb9e2a1896','Utilisateur supprimé','L\'utilisateur \"nafi@spie.fr\" a été supprimé de l\'opération.','fa-trash','2024-02-27 22:28:30','2024-02-27 22:28:30'),('33320e1b-e0fe-4d0d-b411-02a9176f5acb','f1ef8359-cc22-4c37-8f41-3d4698a70eb5','Fichier ajouté','Le fichier \"130123 - CR Permanent SAFFOX - Fantasia Gelati.pptx\" a bien été ajouté à votre QR Drive.','fa-file','2024-04-26 20:15:49','2024-04-26 20:15:49'),('3686561b-343b-4881-b564-e22cb9be479c','6957a264-898c-477d-b35c-5e135272a263','Fichier ajouté','Le fichier \"20032024 - CR Permanent SAFFOX - CASEY\'S CORNER .pptx\" a bien été ajouté à votre QR Drive.','fa-file','2024-03-27 22:40:22','2024-03-27 22:40:22'),('36d536d2-c5b5-490f-a8f0-bd90f77fb174','7e5cdd75-d1cc-4aea-94be-a7bb9e2a1896','Fichier ajouté','Le fichier \"Capture d’écran 2024-03-22 à 11.43.47.png\" a bien été ajouté à votre QR Drive.','fa-file','2024-04-27 17:23:05','2024-04-27 17:23:05'),('382562c7-4342-4553-ae15-6173d7f28e86','f1ef8359-cc22-4c37-8f41-3d4698a70eb5','Fichier ajouté','Le fichier \"250523 - CR Permanent SAFFOX - Terrasse R099.pptx\" a bien été ajouté à votre QR Drive.','fa-file','2024-04-26 20:20:25','2024-04-26 20:20:25'),('3826bf59-6924-4024-9797-1bff665a8afd','6957a264-898c-477d-b35c-5e135272a263','Dossier créé','Le dossier \"Julien Renard\" a été créé avec succès.','fa-folder','2024-06-14 17:11:06','2024-06-14 17:11:06'),('391b44d5-ee23-4655-bf6c-03838b9e255e','f1ef8359-cc22-4c37-8f41-3d4698a70eb5','Fichier ajouté','Le fichier \"260123 - CR Permanent SAFFOX - Fantasia Gelati.pptx\" a bien été ajouté à votre QR Drive.','fa-file','2024-04-26 20:15:49','2024-04-26 20:15:49'),('39877833-90e3-4bc5-a172-2b969f83f740','6957a264-898c-477d-b35c-5e135272a263','Dossier créé','Le dossier \"CR PPSPS\" a été créé avec succès.','fa-folder','2024-03-27 22:26:22','2024-03-27 22:26:22'),('39d33173-7f73-4024-9e8c-30ed3bb3b3c0','f1ef8359-cc22-4c37-8f41-3d4698a70eb5','Fichier ajouté','Le fichier \"180223 - CR Permanent SAFFOX - Fantasia Gelati.pptx\" a bien été ajouté à votre QR Drive.','fa-file','2024-04-26 20:17:43','2024-04-26 20:17:43'),('3ad2f1d8-071a-4e01-be07-3a7dfa40179c','6957a264-898c-477d-b35c-5e135272a263','Fichier ajouté','Le fichier \"12032024 - CR Permanent SAFFOX - CASEY\'S CORNER-1.pdf\" a bien été ajouté à votre QR Drive.','fa-file','2024-03-27 22:40:22','2024-03-27 22:40:22'),('3b179318-d9fa-483c-8bb9-69578effe3b4','7e5cdd75-d1cc-4aea-94be-a7bb9e2a1896','Fichier ajouté','Le fichier \"Capture d’écran 2024-04-17 à 11.19.52.png\" a bien été ajouté à votre QR Drive.','fa-file','2024-04-27 17:21:45','2024-04-27 17:21:45'),('3bf1fbb1-471c-4c3a-b9d4-6516fd2ec74b','6957a264-898c-477d-b35c-5e135272a263','Utilisateur supprimé','L\'utilisateur \"nicolas@saffox.eu\" a été supprimé de l\'opération.','fa-trash','2024-04-26 20:28:30','2024-04-26 20:28:30'),('3c18ee03-d94c-42d2-a155-799fd4d125d7','6957a264-898c-477d-b35c-5e135272a263','Fichier ajouté','Le fichier \"IDDIS230310A_RJ015_IC IDRD_240215.pdf\" a bien été ajouté à votre QR Drive.','fa-file','2024-03-27 22:33:38','2024-03-27 22:33:38'),('3d91f6c1-4656-4d84-a8c1-475b3293c8b3','8a9fcfa0-26df-4419-b686-58a8a2e47944','Accès fichier modifiés','Les accès du fichier \"CHRISTOPHER GONCALVEZ\" ont été modifié.','fa-file','2024-11-26 13:33:36','2024-11-26 13:33:36'),('3e0872b4-e0d9-4408-9659-4e1492babebd','6957a264-898c-477d-b35c-5e135272a263','Utilisateur modifié','L\'utilisateur \"nicolas@saffox.eu\" a été modifié avec succès.','fa-user','2024-04-02 15:06:15','2024-04-02 15:06:15'),('3e81ffcb-3761-4cf8-b272-c38a4dc437b8','6957a264-898c-477d-b35c-5e135272a263','Fichier ajouté','Le fichier \"LEVEE OBSERVATION VGP MEDINGER.pdf\" a bien été ajouté à votre QR Drive.','fa-file','2024-03-27 22:36:02','2024-03-27 22:36:02'),('3ecd0a1f-718f-4c02-8bcb-30f08f4ec184','6957a264-898c-477d-b35c-5e135272a263','Fichier ajouté','Le fichier \"13032024 - CR Permanent SAFFOX - CASEY\'S CORNER-1.pdf\" a bien été ajouté à votre QR Drive.','fa-file','2024-03-27 22:40:22','2024-03-27 22:40:22'),('3f573753-11a9-4fc4-a445-dcfab751a430','f1ef8359-cc22-4c37-8f41-3d4698a70eb5','Fichier ajouté','Le fichier \"150223 - CR Permanent SAFFOX - Fantasia Gelati.pdf\" a bien été ajouté à votre QR Drive.','fa-file','2024-04-26 20:17:43','2024-04-26 20:17:43'),('4031a3cd-c0b8-4424-bbc6-fdc260ba6e56','7e5cdd75-d1cc-4aea-94be-a7bb9e2a1896','Fichier ajouté','Le fichier \"Capture d’écran 2024-04-01 à 23.39.46.png\" a bien été ajouté à votre QR Drive.','fa-file','2024-04-27 17:27:05','2024-04-27 17:27:05'),('414e924a-da5d-4ee7-a28a-3b6167390297','f1ef8359-cc22-4c37-8f41-3d4698a70eb5','Fichier ajouté','Le fichier \"180423 - CR Permanent SAFFOX - Terrasse R099.pdf\" a bien été ajouté à votre QR Drive.','fa-file','2024-04-26 20:19:11','2024-04-26 20:19:11'),('4249b928-3f45-482a-b94c-abf1a5c9517e','7e5cdd75-d1cc-4aea-94be-a7bb9e2a1896','Utilisateur créé','L\'utilisateur \"bilal@saffox.eu\" a été ajouté à votre opération.','fa-user','2024-04-26 20:30:18','2024-04-26 20:30:18'),('429c86e9-9f6b-4011-9849-606353a86ec8','6957a264-898c-477d-b35c-5e135272a263','Fichier ajouté','Le fichier \"15032024 - CR Permanent SAFFOX - CASEY\'S CORNER-1.pdf\" a bien été ajouté à votre QR Drive.','fa-file','2024-03-27 22:40:22','2024-03-27 22:40:22'),('440b865c-9208-4812-9192-a8479037742f','f1ef8359-cc22-4c37-8f41-3d4698a70eb5','Fichier ajouté','Le fichier \"200423 - CR Permanent SAFFOX - Terrasse R099.pdf\" a bien été ajouté à votre QR Drive.','fa-file','2024-04-26 20:19:11','2024-04-26 20:19:11'),('44b152ef-4b7e-4aef-958e-e20a19592807','6957a264-898c-477d-b35c-5e135272a263','Fichier ajouté','Le fichier \"IDDIS230310A_RJ013_IC MEDINGER et FILS_24021.pdf\" a bien été ajouté à votre QR Drive.','fa-file','2024-03-27 22:33:38','2024-03-27 22:33:38'),('44d8b7f4-7cfd-475c-ba26-2b30265564dc','7e5cdd75-d1cc-4aea-94be-a7bb9e2a1896','Fichier ajouté','Le fichier \"Capture d’écran 2024-04-16 à 11.08.51.png\" a bien été ajouté à votre QR Drive.','fa-file','2024-04-27 17:23:05','2024-04-27 17:23:05'),('451852fa-6dc3-4837-97c6-09238629b059','f1ef8359-cc22-4c37-8f41-3d4698a70eb5','Fichier ajouté','Le fichier \"270423 - CR Permanent SAFFOX - Terrasse R099.pptx\" a bien été ajouté à votre QR Drive.','fa-file','2024-04-26 20:19:11','2024-04-26 20:19:11'),('451faa24-4579-4ff0-92ef-bcd580db8b9e','6957a264-898c-477d-b35c-5e135272a263','Dossier créé','Le dossier \"CR CSPS\" a été créé avec succès.','fa-folder','2024-03-27 22:26:16','2024-03-27 22:26:16'),('45927828-1fbc-4625-95c8-03fa12ab77db','f1ef8359-cc22-4c37-8f41-3d4698a70eb5','Fichier ajouté','Le fichier \"220223 - CR Permanent SAFFOX - Fantasia Gelati.pdf\" a bien été ajouté à votre QR Drive.','fa-file','2024-04-26 20:17:43','2024-04-26 20:17:43'),('45c7f30d-208f-4142-acf4-6c90450e35f9','6957a264-898c-477d-b35c-5e135272a263','Dossier créé','Le dossier \"SDC\" a été créé avec succès.','fa-folder','2024-03-27 22:35:20','2024-03-27 22:35:20'),('4662e275-b849-4a6e-9c7b-b4262e8090ca','f1ef8359-cc22-4c37-8f41-3d4698a70eb5','Fichier ajouté','Le fichier \"050523 - CR Permanent SAFFOX - Terrasse R099.pdf\" a bien été ajouté à votre QR Drive.','fa-file','2024-04-26 20:20:23','2024-04-26 20:20:23'),('46909a6e-93fd-4c67-a43a-a6cb77ea97e9','f1ef8359-cc22-4c37-8f41-3d4698a70eb5','Fichier ajouté','Le fichier \"140623 - CR Permanent SAFFOX - Terrasse R099.pptx\" a bien été ajouté à votre QR Drive.','fa-file','2024-04-26 20:21:06','2024-04-26 20:21:06'),('4692d35b-519f-47a1-b9e5-f4de2cb65dfe','6957a264-898c-477d-b35c-5e135272a263','Fichier ajouté','Le fichier \"26032024 - CR Permanent SAFFOX - CASEY\'S CORNER.pdf\" a bien été ajouté à votre QR Drive.','fa-file','2024-03-27 22:40:22','2024-03-27 22:40:22'),('478ee594-021e-41fd-b058-b6b80f85c7f6','f1ef8359-cc22-4c37-8f41-3d4698a70eb5','Dossier créé','Le dossier \"NDC\" a été créé avec succès.','fa-folder','2024-04-26 20:10:01','2024-04-26 20:10:01'),('4810d370-a882-424f-9f33-8f7bb7fa4fa1','6957a264-898c-477d-b35c-5e135272a263','Fichier ajouté','Le fichier \"05032024 - CR Permanent SAFFOX - CASEY\'S CORNER.pptx\" a bien été ajouté à votre QR Drive.','fa-file','2024-03-27 22:40:22','2024-03-27 22:40:22'),('494af5e8-e246-4b07-a72a-0fabc957a9c1','6957a264-898c-477d-b35c-5e135272a263','Fichier ajouté','Le fichier \"IDDIS230310A_RJ013_IC MEDINGER et FILS_24021.pdf\" a bien été ajouté à votre QR Drive.','fa-file','2024-03-27 22:31:13','2024-03-27 22:31:13'),('499dd563-955d-400d-9a3d-77922eabeec8','6957a264-898c-477d-b35c-5e135272a263','Utilisateur non créé','L\'utilisateur \"test@gmail.com\" n\'a pas été créé pour cause de limite atteinte.','fa-warning','2024-03-28 15:58:11','2024-03-28 15:58:11'),('4a507f83-4884-40ce-a5ca-ea6a17a7c6a6','7e5cdd75-d1cc-4aea-94be-a7bb9e2a1896','Fichier ajouté','Le fichier \"Capture d’écran 2024-04-11 à 15.25.59.png\" a bien été ajouté à votre QR Drive.','fa-file','2024-04-27 17:23:05','2024-04-27 17:23:05'),('4a54a626-4d09-49e1-aa34-e920d592a8cf','7e5cdd75-d1cc-4aea-94be-a7bb9e2a1896','Fichier ajouté','Le fichier \"Capture d’écran 2024-04-01 à 23.40.00.png\" a bien été ajouté à votre QR Drive.','fa-file','2024-04-27 17:23:05','2024-04-27 17:23:05'),('4ad357a8-36c5-4d99-9ddf-f4300aff9caa','6957a264-898c-477d-b35c-5e135272a263','Dossier créé','Le dossier \"jhbubh\" a été créé avec succès.','fa-folder','2024-11-27 14:16:21','2024-11-27 14:16:21'),('4af7058d-1aa2-4d33-a7f4-ab525a484e32','7e5cdd75-d1cc-4aea-94be-a7bb9e2a1896','Fichier ajouté','Le fichier \"Capture d’écran 2024-04-17 à 13.05.05.png\" a bien été ajouté à votre QR Drive.','fa-file','2024-04-27 17:23:05','2024-04-27 17:23:05'),('4b40e125-efe7-4382-8d28-392fcce4256b','f1ef8359-cc22-4c37-8f41-3d4698a70eb5','Fichier ajouté','Le fichier \"280623 - CR Permanent SAFFOX - Terrasse R099_Toiture C1 et C2.pdf\" a bien été ajouté à votre QR Drive.','fa-file','2024-04-26 20:21:06','2024-04-26 20:21:06'),('4d3942f1-4f1b-4868-8bc2-86ffd5c65133','7e5cdd75-d1cc-4aea-94be-a7bb9e2a1896','Utilisateur supprimé','L\'utilisateur \"test2@gmail.com\" a été supprimé de l\'opération.','fa-trash','2024-03-27 21:11:56','2024-03-27 21:11:56'),('4da678f7-2875-459c-ac43-b3e1b7abffae','6957a264-898c-477d-b35c-5e135272a263','Fichier ajouté','Le fichier \"21032024 - CR Permanent SAFFOX - CASEY\'S CORNER.pdf\" a bien été ajouté à votre QR Drive.','fa-file','2024-03-27 22:40:22','2024-03-27 22:40:22'),('4ddea0a5-72a5-4be3-ac7e-2ab7a9195c92','6957a264-898c-477d-b35c-5e135272a263','Fichier ajouté','Le fichier \"07032024 - CR Permanent SAFFOX - CASEY\'S CORNER.pptx\" a bien été ajouté à votre QR Drive.','fa-file','2024-03-27 22:40:22','2024-03-27 22:40:22'),('4e44ab3b-a82d-4ee5-9e52-f94ec0eac2ca','7e5cdd75-d1cc-4aea-94be-a7bb9e2a1896','Fichier ajouté','Le fichier \"Capture d’écran 2024-03-20 à 12.02.43.png\" a bien été ajouté à votre QR Drive.','fa-file','2024-04-27 17:21:45','2024-04-27 17:21:45'),('4ea5a7ef-88ed-4bac-8932-8d3c5bac35f3','f1ef8359-cc22-4c37-8f41-3d4698a70eb5','Fichier ajouté','Le fichier \"020623 - CR Permanent SAFFOX - Terrasse R099.pptx\" a bien été ajouté à votre QR Drive.','fa-file','2024-04-26 20:21:06','2024-04-26 20:21:06'),('4eaa7eb9-2097-4b92-92f4-03f8557f79ae','7e5cdd75-d1cc-4aea-94be-a7bb9e2a1896','Fichier renommé','Le fichier \"QR4YOU-3.pdf\" a été renommé \"QR4YOU-Flyer.pdf\".','fa-file','2024-01-18 11:14:20','2024-01-18 11:14:20'),('4f2b78d3-a0cd-4904-bea1-a7db3c0af417','f1ef8359-cc22-4c37-8f41-3d4698a70eb5','Fichier ajouté','Le fichier \"170523 - CR Permanent SAFFOX - Terrasse R099.pdf\" a bien été ajouté à votre QR Drive.','fa-file','2024-04-26 20:20:23','2024-04-26 20:20:23'),('4f2f415b-d4e5-444f-9cca-b49a8540d42f','6957a264-898c-477d-b35c-5e135272a263','Dossier créé','Le dossier \"MOE - 5-CING\" a été créé avec succès.','fa-folder','2024-03-27 22:35:11','2024-03-27 22:35:11'),('50a61871-cb09-496c-bc27-0576a5fd1c4b','f1ef8359-cc22-4c37-8f41-3d4698a70eb5','Fichier ajouté','Le fichier \"270423 - CR Permanent SAFFOX - Terrasse R099.pdf\" a bien été ajouté à votre QR Drive.','fa-file','2024-04-26 20:19:11','2024-04-26 20:19:11'),('518467a4-9c66-4543-ba84-d21c469d8863','6957a264-898c-477d-b35c-5e135272a263','Fichier ajouté','Le fichier \"IDDIS230310A_RJ017_IC GROUPELOISELEURS_240215.pdf\" a bien été ajouté à votre QR Drive.','fa-file','2024-03-27 22:33:38','2024-03-27 22:33:38'),('51d1c318-6402-4776-b65d-af3ed88ecc09','f1ef8359-cc22-4c37-8f41-3d4698a70eb5','Fichier ajouté','Le fichier \"Carte monteur belem salh-eddine.pdf\" a bien été ajouté à votre QR Drive.','fa-file','2024-04-26 20:10:30','2024-04-26 20:10:30'),('524055ce-51e5-4abc-8c17-cecdc93e6eaa','6957a264-898c-477d-b35c-5e135272a263','Fichier ajouté','Le fichier \"14032024 - CR Permanent SAFFOX - CASEY\'S CORNER.pdf\" a bien été ajouté à votre QR Drive.','fa-file','2024-03-27 22:40:22','2024-03-27 22:40:22'),('52e48583-ed17-4900-b32a-49b38fba12b7','f1ef8359-cc22-4c37-8f41-3d4698a70eb5','Dossier créé','Le dossier \"CR SAFFOX\" a été créé avec succès.','fa-folder','2024-04-26 20:14:28','2024-04-26 20:14:28'),('5340314f-97a0-4d4a-b264-33716f30501f','7e5cdd75-d1cc-4aea-94be-a7bb9e2a1896','Fichier ajouté','Le fichier \"Capture d’écran 2024-04-17 à 11.19.52.png\" a bien été ajouté à votre QR Drive.','fa-file','2024-04-27 17:23:05','2024-04-27 17:23:05'),('5345a98e-75fc-42e7-96a8-96a0b33451d8','6957a264-898c-477d-b35c-5e135272a263','Fichier renommé','Le fichier \"MOE - 5-CING\" a été renommé \"MOE - 5-CINQ\".','fa-file','2024-03-27 22:35:15','2024-03-27 22:35:15'),('539cdfdb-1122-4609-a20e-b401d43e0f41','7e5cdd75-d1cc-4aea-94be-a7bb9e2a1896','Fichier ajouté','Le fichier \"Capture d’écran 2024-04-01 à 23.39.46.png\" a bien été ajouté à votre QR Drive.','fa-file','2024-04-27 17:23:05','2024-04-27 17:23:05'),('54b4e437-dfc2-48b1-bd52-c7b28f1a9d96','6957a264-898c-477d-b35c-5e135272a263','Fichier ajouté','Le fichier \"NCVRD-RENDU-DINSEY-NUIT-CASEY CORNER-191222-INDA.pdf\" a bien été ajouté à votre QR Drive.','fa-file','2024-03-27 22:47:22','2024-03-27 22:47:22'),('5558e7dd-243b-4232-b92d-e9b462e381e9','6957a264-898c-477d-b35c-5e135272a263','Accès fichier modifiés','Les accès du fichier \"jhbubh\" ont été modifié.','fa-file','2024-11-27 14:16:48','2024-11-27 14:16:48'),('55a3ed00-7045-40aa-80c9-6cd50905aaa6','6957a264-898c-477d-b35c-5e135272a263','Fichier ajouté','Le fichier \"IDDIS230310A_RJ016_IC SDM_240215.pdf\" a bien été ajouté à votre QR Drive.','fa-file','2024-03-27 22:31:13','2024-03-27 22:31:13'),('569c5253-8b50-4668-a39c-a0b3937719f7','f1ef8359-cc22-4c37-8f41-3d4698a70eb5','Fichier ajouté','Le fichier \"carte monteur tifoun lyes.pdf\" a bien été ajouté à votre QR Drive.','fa-file','2024-04-26 20:10:30','2024-04-26 20:10:30'),('5720d944-c758-42eb-8608-8806d62ff465','f1ef8359-cc22-4c37-8f41-3d4698a70eb5','Fichier ajouté','Le fichier \"200123 - CR Permanent SAFFOX - Fantasia Gelati.pptx\" a bien été ajouté à votre QR Drive.','fa-file','2024-04-26 20:17:19','2024-04-26 20:17:19'),('5829a4eb-58ca-4743-9b09-9897777d46ed','6957a264-898c-477d-b35c-5e135272a263','Dossier créé','Le dossier \"ok\" a été créé avec succès.','fa-folder','2024-04-02 15:13:47','2024-04-02 15:13:47'),('58af7f79-0238-48be-83b0-d167a0bf9ad2','f1ef8359-cc22-4c37-8f41-3d4698a70eb5','Fichier ajouté','Le fichier \"Carte monteur belem ayyoub.pdf\" a bien été ajouté à votre QR Drive.','fa-file','2024-04-26 20:10:30','2024-04-26 20:10:30'),('58cedb81-4a74-4ea2-915e-70b4f9a88948','f1ef8359-cc22-4c37-8f41-3d4698a70eb5','Fichier ajouté','Le fichier \"170223 - CR Permanent SAFFOX - Fantasia Gelati.pdf\" a bien été ajouté à votre QR Drive.','fa-file','2024-04-26 20:17:43','2024-04-26 20:17:43'),('5921f31c-fffd-46b4-b78f-2b84665516a7','7e5cdd75-d1cc-4aea-94be-a7bb9e2a1896','Dossier créé','Le dossier \"Formations\" a été créé avec succès.','fa-folder','2024-01-18 10:59:46','2024-01-18 10:59:46'),('594e6f19-ab80-42ab-9a03-5bc0dfd3f2c5','7e5cdd75-d1cc-4aea-94be-a7bb9e2a1896','Utilisateur créé','L\'utilisateur \"test@gmail.com\" a été ajouté à votre opération.','fa-user','2024-03-27 21:48:30','2024-03-27 21:48:30'),('59f2ba21-5bb2-464c-be17-84613d633f5a','6957a264-898c-477d-b35c-5e135272a263','Fichier ajouté','Le fichier \"IDDIS230310A_RJ010_CRV Réunion de lancement COUVERTURE DE LA TERRASSE DU CASEY_S COR et PHOT.pdf\" a bien été ajouté à votre QR Drive.','fa-file','2024-03-27 22:26:46','2024-03-27 22:26:46'),('59f62573-9783-4b95-919d-624e66d9a80e','f1ef8359-cc22-4c37-8f41-3d4698a70eb5','Fichier ajouté','Le fichier \"150623 - CR Permanent SAFFOX - Terrasse R099.pptx\" a bien été ajouté à votre QR Drive.','fa-file','2024-04-26 20:21:06','2024-04-26 20:21:06'),('5b696457-c4ec-4106-8a75-fa8aded11ae1','6957a264-898c-477d-b35c-5e135272a263','Utilisateur modifié','L\'utilisateur \"nicolas@saffox.eu\" a été modifié avec succès.','fa-user','2024-04-02 15:15:11','2024-04-02 15:15:11'),('5bc916ba-fa93-497c-aeda-aba3c988157a','6957a264-898c-477d-b35c-5e135272a263','Fichier ajouté','Le fichier \"12032024 - CR Permanent SAFFOX - CASEY\'S CORNER.pptx\" a bien été ajouté à votre QR Drive.','fa-file','2024-03-27 22:40:23','2024-03-27 22:40:23'),('5c9637ff-ab02-40be-adb4-63fbc3cd4d90','7e5cdd75-d1cc-4aea-94be-a7bb9e2a1896','Utilisateur modifié','L\'utilisateur \"test@gmail.com\" a été modifié avec succès.','fa-user','2024-09-05 10:54:17','2024-09-05 10:54:17'),('5cf21401-d887-42e0-b876-84a5dfb043b2','7e5cdd75-d1cc-4aea-94be-a7bb9e2a1896','Fichier ajouté','Le fichier \"Capture d’écran 2024-03-30 à 13.13.28.png\" a bien été ajouté à votre QR Drive.','fa-file','2024-04-27 17:23:05','2024-04-27 17:23:05'),('5d8f9c74-fb65-4c11-9e69-6c0ef884c678','7e5cdd75-d1cc-4aea-94be-a7bb9e2a1896','Accès fichier modifiés','Les accès du fichier \"QR4YOU-Flyer.pdf\" ont été modifié.','fa-file','2024-01-18 12:53:18','2024-01-18 12:53:18'),('5dc0e9bb-3212-476d-b7e3-975b92152f0e','7e5cdd75-d1cc-4aea-94be-a7bb9e2a1896','Utilisateur modifié','L\'utilisateur \"etudes@saffox.eu\" a été modifié avec succès.','fa-user','2024-03-27 20:55:59','2024-03-27 20:55:59'),('5e09f1a8-04f2-4199-afb8-d0e1c712c379','f1ef8359-cc22-4c37-8f41-3d4698a70eb5','Fichier ajouté','Le fichier \"120523 - CR Permanent SAFFOX - Terrasse R099.pptx\" a bien été ajouté à votre QR Drive.','fa-file','2024-04-26 20:20:23','2024-04-26 20:20:23'),('60522bea-d4d4-4c33-a2b6-7f4035a1a19b','6957a264-898c-477d-b35c-5e135272a263','Fichier ajouté','Le fichier \"16032024 - CR Permanent SAFFOX - CASEY\'S CORNER (1).pptx\" a bien été ajouté à votre QR Drive.','fa-file','2024-03-27 22:40:22','2024-03-27 22:40:22'),('61461c07-446f-4ba5-8f84-aaa6770bcb83','f1ef8359-cc22-4c37-8f41-3d4698a70eb5','Fichier ajouté','Le fichier \"110123 - CR Permanent SAFFOX - Fantasia Gelati.pptx\" a bien été ajouté à votre QR Drive.','fa-file','2024-04-26 20:17:19','2024-04-26 20:17:19'),('614ad14d-1ad4-46eb-a217-0f5ceb7d0980','7e5cdd75-d1cc-4aea-94be-a7bb9e2a1896','Fichier ajouté','Le fichier \"Capture d’écran 2024-03-22 à 11.44.10.png\" a bien été ajouté à votre QR Drive.','fa-file','2024-04-27 17:21:45','2024-04-27 17:21:45'),('6164670a-c230-4354-a01b-f4f1a4b31106','f1ef8359-cc22-4c37-8f41-3d4698a70eb5','Fichier ajouté','Le fichier \"290623 - CR Permanent SAFFOX - Terrasse R099_Toiture C1 et C2.pptx\" a bien été ajouté à votre QR Drive.','fa-file','2024-04-26 20:21:07','2024-04-26 20:21:07'),('616d91b5-61e1-4ece-94a4-212341575910','6957a264-898c-477d-b35c-5e135272a263','Fichier ajouté','Le fichier \"14032024 - CR Permanent SAFFOX - CASEY\'S CORNER  (1).pptx\" a bien été ajouté à votre QR Drive.','fa-file','2024-03-27 22:40:22','2024-03-27 22:40:22'),('618668ad-6552-4637-bd6f-ae0364852fc5','6957a264-898c-477d-b35c-5e135272a263','Utilisateur supprimé','L\'utilisateur \"test4@gmail.com\" a été supprimé de l\'opération.','fa-trash','2024-04-26 10:15:49','2024-04-26 10:15:49'),('61f5e5dd-3d5b-4df1-974c-29bbcb0bd537','f1ef8359-cc22-4c37-8f41-3d4698a70eb5','Fichier ajouté','Le fichier \"060623 - CR Permanent SAFFOX - Terrasse R099.pptx\" a bien été ajouté à votre QR Drive.','fa-file','2024-04-26 20:21:06','2024-04-26 20:21:06'),('626e5128-3858-4beb-a530-fc94ecd329c9','f1ef8359-cc22-4c37-8f41-3d4698a70eb5','Fichier ajouté','Le fichier \"120523 - CR Permanent SAFFOX - Terrasse R099.pdf\" a bien été ajouté à votre QR Drive.','fa-file','2024-04-26 20:20:23','2024-04-26 20:20:23'),('6315abbd-6de7-4419-9cab-9866388197ab','8a9fcfa0-26df-4419-b686-58a8a2e47944','Nouveau champs','Le champs \"Email\" a été ajouté au QR Form','fa-form','2024-11-26 13:18:03','2024-11-26 13:18:03'),('6316abea-7855-4e85-b52a-8630e1fc79bf','6957a264-898c-477d-b35c-5e135272a263','Fichier ajouté','Le fichier \"IDDIS230310A_RJ011_IC Saint-denis construction _240212.pdf\" a bien été ajouté à votre QR Drive.','fa-file','2024-03-27 22:32:18','2024-03-27 22:32:18'),('6375e936-d312-427b-90cd-28d331378e3d','7e5cdd75-d1cc-4aea-94be-a7bb9e2a1896','Dossier créé','Le dossier \"test\" a été créé avec succès.','fa-folder','2024-04-27 17:21:09','2024-04-27 17:21:09'),('642af14a-0135-44a9-9791-c01c4a75854b','f1ef8359-cc22-4c37-8f41-3d4698a70eb5','Fichier ajouté','Le fichier \"2023-03-24 Planning R099 (1).pdf\" a bien été ajouté à votre QR Drive.','fa-file','2024-04-26 20:06:31','2024-04-26 20:06:31'),('64d0908d-74ec-476e-8564-3755e29323f2','7e5cdd75-d1cc-4aea-94be-a7bb9e2a1896','Utilisateur supprimé','L\'utilisateur \"nicolas@saffox.eu\" a été supprimé de l\'opération.','fa-trash','2024-04-02 15:08:09','2024-04-02 15:08:09'),('65d1eb88-bdc4-42bf-9a8f-04001475a949','7e5cdd75-d1cc-4aea-94be-a7bb9e2a1896','Utilisateur créé','L\'utilisateur \"etudes@saffox.eu\" a été ajouté à votre opération.','fa-user','2024-03-27 20:59:14','2024-03-27 20:59:14'),('6601e37e-a406-4835-afaf-94a15483f9b9','f1ef8359-cc22-4c37-8f41-3d4698a70eb5','Fichier ajouté','Le fichier \"300623 - CR Permanent SAFFOX - Terrasse R099_Toiture C1 et C2.pdf\" a bien été ajouté à votre QR Drive.','fa-file','2024-04-26 20:21:06','2024-04-26 20:21:06'),('665a3051-ab09-4e13-96d7-9977549e4a7a','7e5cdd75-d1cc-4aea-94be-a7bb9e2a1896','Fichier ajouté','Le fichier \"Capture d’écran 2024-04-17 à 13.05.05.png\" a bien été ajouté à votre QR Drive.','fa-file','2024-04-27 17:27:05','2024-04-27 17:27:05'),('66e072b4-c30f-42ac-85fc-75d1ef53a6da','6957a264-898c-477d-b35c-5e135272a263','Dossier créé','Le dossier \"test\" a été créé avec succès.','fa-folder','2024-11-27 15:13:27','2024-11-27 15:13:27'),('675bc815-1cbc-4fa6-a92d-8d4d25bf1fcc','f1ef8359-cc22-4c37-8f41-3d4698a70eb5','Fichier ajouté','Le fichier \"250523 - CR Permanent SAFFOX - Terrasse R099.pdf\" a bien été ajouté à votre QR Drive.','fa-file','2024-04-26 20:20:23','2024-04-26 20:20:23'),('6768d191-d0d1-47f7-906b-2762171c1252','6957a264-898c-477d-b35c-5e135272a263','Fichier ajouté','Le fichier \"vgp grue de chargement snee fin de validité juillet 2024.pdf\" a bien été ajouté à votre QR Drive.','fa-file','2024-03-27 22:39:12','2024-03-27 22:39:12'),('6a0a4cb7-bea3-4282-ad19-7f309f852f46','6957a264-898c-477d-b35c-5e135272a263','Fichier ajouté','Le fichier \"IDDIS230310A_RJ014_IC LOCAMOD_240215.pdf\" a bien été ajouté à votre QR Drive.','fa-file','2024-03-27 22:31:14','2024-03-27 22:31:14'),('6a14857a-64a8-443e-b24b-50eff006b33f','6957a264-898c-477d-b35c-5e135272a263','Fichier ajouté','Le fichier \"06032024 - CR Permanent SAFFOX - CASEY\'S CORNER.pptx\" a bien été ajouté à votre QR Drive.','fa-file','2024-03-27 22:40:24','2024-03-27 22:40:24'),('6aae4b27-7e8f-4274-bf8e-9807dc1affa5','6957a264-898c-477d-b35c-5e135272a263','Dossier créé','Le dossier \"VIC\" a été créé avec succès.','fa-folder','2024-03-27 22:26:31','2024-03-27 22:26:31'),('6ac45efa-c9b3-4255-99a0-d46b41ee5912','f1ef8359-cc22-4c37-8f41-3d4698a70eb5','Fichier ajouté','Le fichier \"CARTE FORMATION ECHAFAUDAGE TDO.pdf\" a bien été ajouté à votre QR Drive.','fa-file','2024-04-26 20:13:16','2024-04-26 20:13:16'),('6d72026c-3f90-44f2-9203-3f944d4d9332','f1ef8359-cc22-4c37-8f41-3d4698a70eb5','Fichier ajouté','Le fichier \"Plan d\'Installation de Chantier R099.pdf\" a bien été ajouté à votre QR Drive.','fa-file','2024-04-26 20:09:07','2024-04-26 20:09:07'),('6da7e458-27a9-4fc9-b547-2340d0d1903f','6957a264-898c-477d-b35c-5e135272a263','Dossier créé','Le dossier \"CR REUNION\" a été créé avec succès.','fa-folder','2024-03-27 22:36:40','2024-03-27 22:36:40'),('6dcd2877-4906-45a5-b6fe-9cae316d734c','7e5cdd75-d1cc-4aea-94be-a7bb9e2a1896','Dossier supprimé','Le dossier \"Mustapha AYOUSSI\" a été supprimé avec succès.','fa-trash','2024-04-19 21:59:19','2024-04-19 21:59:19'),('6e6d0a2e-5d1b-456d-858d-8633c85d4f75','6957a264-898c-477d-b35c-5e135272a263','Utilisateur supprimé','L\'utilisateur \"bilal@saffox.eu\" a été supprimé de l\'opération.','fa-trash','2024-04-26 20:28:35','2024-04-26 20:28:35'),('6ea4b5f3-54ab-463f-8f31-f6c896c5492b','f1ef8359-cc22-4c37-8f41-3d4698a70eb5','Fichier ajouté','Le fichier \"180523 - CR Permanent SAFFOX - Terrasse R099.pptx\" a bien été ajouté à votre QR Drive.','fa-file','2024-04-26 20:20:23','2024-04-26 20:20:23'),('6ff38ba0-b7e7-4ff1-b051-392e04137ea7','7e5cdd75-d1cc-4aea-94be-a7bb9e2a1896','Fichier ajouté','Le fichier \"Capture d’écran 2024-03-20 à 00.43.06.png\" a bien été ajouté à votre QR Drive.','fa-file','2024-04-27 17:27:05','2024-04-27 17:27:05'),('70d73a7a-71cd-4dff-a09a-5978b1e7ff51','6957a264-898c-477d-b35c-5e135272a263','Fichier ajouté','Le fichier \"19032024 - CR Permanent SAFFOX - CASEY\'S CORNER.pptx\" a bien été ajouté à votre QR Drive.','fa-file','2024-03-27 22:40:22','2024-03-27 22:40:22'),('7145d94a-fa85-438c-95c1-3e14fa931c1c','f1ef8359-cc22-4c37-8f41-3d4698a70eb5','Fichier ajouté','Le fichier \"260523 - CR Permanent SAFFOX - Terrasse R099.pdf\" a bien été ajouté à votre QR Drive.','fa-file','2024-04-26 20:20:23','2024-04-26 20:20:23'),('71603460-0fcf-45d6-91ec-8dd7b4e91a7c','7e5cdd75-d1cc-4aea-94be-a7bb9e2a1896','Dossier créé','Le dossier \"Test2\" a été créé avec succès.','fa-folder','2024-07-22 08:13:36','2024-07-22 08:13:36'),('72230a4f-0b9b-4456-b5f0-994566da05fc','6957a264-898c-477d-b35c-5e135272a263','Fichier ajouté','Le fichier \"PPSPS VRD MEDINGER - CASEY\'S CORNER - C.pdf\" a bien été ajouté à votre QR Drive.','fa-file','2024-03-27 22:36:18','2024-03-27 22:36:18'),('725c4c3f-4970-4291-8b10-28d05234f752','f1ef8359-cc22-4c37-8f41-3d4698a70eb5','Fichier ajouté','Le fichier \"160223 - CR Permanent SAFFOX - Fantasia Gelati.pdf\" a bien été ajouté à votre QR Drive.','fa-file','2024-04-26 20:17:43','2024-04-26 20:17:43'),('72be8e3f-cd4c-4352-9094-437c77c584d1','f1ef8359-cc22-4c37-8f41-3d4698a70eb5','Fichier ajouté','Le fichier \"160523 - CR Permanent SAFFOX - Terrasse R099.pdf\" a bien été ajouté à votre QR Drive.','fa-file','2024-04-26 20:20:23','2024-04-26 20:20:23'),('72d6c569-1bdc-4468-b356-66c472364fd1','7e5cdd75-d1cc-4aea-94be-a7bb9e2a1896','Utilisateur modifié','L\'utilisateur \"test@gmail.com\" a été modifié avec succès.','fa-user','2024-03-28 16:09:04','2024-03-28 16:09:04'),('73980f43-d2d8-4714-9cc4-ec7101ceae20','7e5cdd75-d1cc-4aea-94be-a7bb9e2a1896','Accès fichier modifiés','Les accès du fichier \"Tutorials\" ont été modifié.','fa-file','2024-01-18 12:49:40','2024-01-18 12:49:40'),('73a72acf-6802-48a4-983e-d03c3ca38a2a','7e5cdd75-d1cc-4aea-94be-a7bb9e2a1896','Utilisateur créé','L\'utilisateur \"nicolas@saffox.eu\" a été ajouté à votre opération.','fa-user','2024-03-27 22:02:24','2024-03-27 22:02:24'),('74a37422-121a-48d9-99c6-641e4a682b5e','7e5cdd75-d1cc-4aea-94be-a7bb9e2a1896','Dossier supprimé','Le dossier \"Test\" a été supprimé avec succès.','fa-trash','2024-11-26 13:25:14','2024-11-26 13:25:14'),('74d0bad4-6b9b-4e12-8fcd-cf658ba00186','7e5cdd75-d1cc-4aea-94be-a7bb9e2a1896','Fichier ajouté','Le fichier \"autorisation-conduite_modele.docx\" a bien été ajouté à votre QR Drive.','fa-file','2024-04-02 14:52:22','2024-04-02 14:52:22'),('750beb2f-c3e1-4ae5-9146-b4aa81909222','7e5cdd75-d1cc-4aea-94be-a7bb9e2a1896','Utilisateur modifié','L\'utilisateur \"test2@gmail.com\" a été modifié avec succès.','fa-user','2024-03-14 19:45:26','2024-03-14 19:45:26'),('758fb62c-49ee-42e6-9f62-518dbde01ded','7e5cdd75-d1cc-4aea-94be-a7bb9e2a1896','Fichier ajouté','Le fichier \"Capture d’écran 2024-04-15 à 23.36.35.png\" a bien été ajouté à votre QR Drive.','fa-file','2024-04-27 17:27:05','2024-04-27 17:27:05'),('75b66d43-d2c5-4381-95c4-c9e7398aa42c','f1ef8359-cc22-4c37-8f41-3d4698a70eb5','Fichier ajouté','Le fichier \"090623 - CR Permanent SAFFOX - Terrasse R099.pdf\" a bien été ajouté à votre QR Drive.','fa-file','2024-04-26 20:21:06','2024-04-26 20:21:06'),('75c2b6a1-a0fc-40d9-b1cd-cb0048ac9d20','f1ef8359-cc22-4c37-8f41-3d4698a70eb5','Dossier créé','Le dossier \"4. AVRIL 2024\" a été créé avec succès.','fa-folder','2024-04-26 20:15:04','2024-04-26 20:15:04'),('763ebc98-5729-4e89-9340-334e16de0503','7e5cdd75-d1cc-4aea-94be-a7bb9e2a1896','Utilisateur modifié','L\'utilisateur \"test2@gmail.com\" a été modifié avec succès.','fa-user','2024-03-14 19:45:30','2024-03-14 19:45:30'),('7651422e-9d9a-4720-90d5-6d42933840be','f1ef8359-cc22-4c37-8f41-3d4698a70eb5','Fichier ajouté','Le fichier \"TDO - CARTE MONTEUR TDO.pdf\" a bien été ajouté à votre QR Drive.','fa-file','2024-04-26 20:10:30','2024-04-26 20:10:30'),('76be9a50-2c27-4ac5-afeb-ed73c9d5f993','f1ef8359-cc22-4c37-8f41-3d4698a70eb5','Fichier ajouté','Le fichier \"160123 Nuit - CR Permanent SAFFOX - Fantasia Gelati.pptx\" a bien été ajouté à votre QR Drive.','fa-file','2024-04-26 20:15:49','2024-04-26 20:15:49'),('76c34c94-07ac-40c0-84bb-f65323e73475','6957a264-898c-477d-b35c-5e135272a263','Fichier ajouté','Le fichier \"Capture d’écran 2024-03-22 à 11.44.32.png\" a bien été ajouté à votre QR Drive.','fa-file','2024-03-27 22:58:05','2024-03-27 22:58:05'),('76ef0861-1ddc-4ea0-9e46-16c01b6f860f','f1ef8359-cc22-4c37-8f41-3d4698a70eb5','Fichier ajouté','Le fichier \"230223 - CR Permanent SAFFOX - Fantasia Gelati.pdf\" a bien été ajouté à votre QR Drive.','fa-file','2024-04-26 20:17:43','2024-04-26 20:17:43'),('773e283f-5adc-4355-a381-6074722ff41d','f1ef8359-cc22-4c37-8f41-3d4698a70eb5','Fichier ajouté','Le fichier \"080623 - CR Permanent SAFFOX - Terrasse R099.pdf\" a bien été ajouté à votre QR Drive.','fa-file','2024-04-26 20:21:06','2024-04-26 20:21:06'),('779896e0-4aa4-471e-be37-8ac7cd54e8a7','6957a264-898c-477d-b35c-5e135272a263','Dossier créé','Le dossier \"2. PLANNING\" a été créé avec succès.','fa-folder','2024-03-27 22:34:13','2024-03-27 22:34:13'),('77e70654-7c4f-48f0-a246-b2edb066e1b0','8a9fcfa0-26df-4419-b686-58a8a2e47944','Fichier renommé','Le fichier \"Engins\" a été renommé \"ENGINS\".','fa-file','2024-11-26 13:30:34','2024-11-26 13:30:34'),('7a3fee02-650d-4b68-909d-69baf600f409','7e5cdd75-d1cc-4aea-94be-a7bb9e2a1896','Fichier ajouté','Le fichier \"Capture d’écran 2024-04-10 à 16.11.58.png\" a bien été ajouté à votre QR Drive.','fa-file','2024-04-27 17:27:05','2024-04-27 17:27:05'),('7b8b0f84-1d1a-47fb-9acb-6587eeec8b3b','6957a264-898c-477d-b35c-5e135272a263','Fichier ajouté','Le fichier \"PERMIS D EXCA SDC.jpg\" a bien été ajouté à votre QR Drive.','fa-file','2024-03-27 22:37:35','2024-03-27 22:37:35'),('7b95fc08-db07-4884-9774-01f69773c17c','6957a264-898c-477d-b35c-5e135272a263','Fichier ajouté','Le fichier \"05032024 - CR Permanent SAFFOX - CASEY\'S CORNER.pdf\" a bien été ajouté à votre QR Drive.','fa-file','2024-03-27 22:40:22','2024-03-27 22:40:22'),('7bcc144d-43b4-4fe8-b5eb-efd0c514449b','7e5cdd75-d1cc-4aea-94be-a7bb9e2a1896','Fichier ajouté','Le fichier \"Capture d’écran 2024-04-15 à 17.55.33.png\" a bien été ajouté à votre QR Drive.','fa-file','2024-04-27 17:27:05','2024-04-27 17:27:05'),('7bf6b454-d151-47e5-ab5f-16a9bf457d3c','6957a264-898c-477d-b35c-5e135272a263','Fichier ajouté','Le fichier \"IDDIS230310A_RJ014_IC LOCAMOD_240215.pdf\" a bien été ajouté à votre QR Drive.','fa-file','2024-03-27 22:27:52','2024-03-27 22:27:52'),('7c2a8020-3543-44e3-ac59-1dadf51cb5dc','f1ef8359-cc22-4c37-8f41-3d4698a70eb5','Fichier ajouté','Le fichier \"130623 - CR Permanent SAFFOX - Terrasse R099.pdf\" a bien été ajouté à votre QR Drive.','fa-file','2024-04-26 20:21:06','2024-04-26 20:21:06'),('7c6aa7be-22a9-43d4-a46f-1fb186cfac66','6957a264-898c-477d-b35c-5e135272a263','Utilisateur modifié','L\'utilisateur \"nicolas@saffox.eu\" a été modifié avec succès.','fa-user','2024-04-02 15:13:28','2024-04-02 15:13:28'),('7d838768-4ca3-43ac-b1e4-c92d4f190e75','f1ef8359-cc22-4c37-8f41-3d4698a70eb5','Fichier ajouté','Le fichier \"160523 - CR Permanent SAFFOX - Terrasse R099.pptx\" a bien été ajouté à votre QR Drive.','fa-file','2024-04-26 20:20:24','2024-04-26 20:20:24'),('7da608dc-bb18-435b-8147-40cadfdf6fec','6957a264-898c-477d-b35c-5e135272a263','Dossier supprimé','Le dossier \"jhbubh\" a été supprimé avec succès.','fa-trash','2024-11-27 14:17:34','2024-11-27 14:17:34'),('7e6d78ff-cc68-42e6-952e-d4246fdb620c','7e5cdd75-d1cc-4aea-94be-a7bb9e2a1896','Utilisateur supprimé','L\'utilisateur \"test@gmail.com\" a été supprimé de l\'opération.','fa-trash','2024-03-27 21:11:59','2024-03-27 21:11:59'),('7f0083aa-42d1-4908-a4be-c2a1c79373be','6957a264-898c-477d-b35c-5e135272a263','Utilisateur supprimé','L\'utilisateur \"bilal@saffox.eu\" a été supprimé de l\'opération.','fa-trash','2024-03-27 22:00:46','2024-03-27 22:00:46'),('7f97475b-7fdf-443f-a95b-f475a45390ef','f1ef8359-cc22-4c37-8f41-3d4698a70eb5','Fichier ajouté','Le fichier \"150623 - CR Permanent SAFFOX - Terrasse R099.pdf\" a bien été ajouté à votre QR Drive.','fa-file','2024-04-26 20:21:06','2024-04-26 20:21:06'),('800454c0-3383-45dc-9874-ac01f11eb488','6957a264-898c-477d-b35c-5e135272a263','Fichier ajouté','Le fichier \"13032024 - CR Permanent SAFFOX - CASEY\'S CORNER .pptx\" a bien été ajouté à votre QR Drive.','fa-file','2024-03-27 22:40:22','2024-03-27 22:40:22'),('80b163d3-b91e-4e57-867b-9f2f33c73f4e','6957a264-898c-477d-b35c-5e135272a263','Dossier créé','Le dossier \"04. AVRIL\" a été créé avec succès.','fa-folder','2024-03-27 22:39:58','2024-03-27 22:39:58'),('80b4c862-ec6d-4823-9290-bee358fec5ad','f1ef8359-cc22-4c37-8f41-3d4698a70eb5','Fichier ajouté','Le fichier \"060623 - CR Permanent SAFFOX - Terrasse R099.pdf\" a bien été ajouté à votre QR Drive.','fa-file','2024-04-26 20:21:06','2024-04-26 20:21:06'),('80e123d7-d881-40e9-b9a6-5abdb8729d8a','7e5cdd75-d1cc-4aea-94be-a7bb9e2a1896','Utilisateur modifié','L\'utilisateur \"etudes@saffox.eu\" a été modifié avec succès.','fa-user','2024-03-27 20:55:31','2024-03-27 20:55:31'),('80fa7f33-0f79-40c7-af96-05640efe590b','7e5cdd75-d1cc-4aea-94be-a7bb9e2a1896','Fichier ajouté','Le fichier \"Capture d’écran 2024-04-01 à 14.21.07.png\" a bien été ajouté à votre QR Drive.','fa-file','2024-04-27 17:27:05','2024-04-27 17:27:05'),('816f0cb2-6bc8-4e52-bef9-00e1c1fb86e1','6957a264-898c-477d-b35c-5e135272a263','Utilisateur modifié','L\'utilisateur \"nicolas@saffox.eu\" a été modifié avec succès.','fa-user','2024-04-02 15:14:36','2024-04-02 15:14:36'),('82dc9e4f-ddcb-43ae-afc8-5994c3b58b96','6957a264-898c-477d-b35c-5e135272a263','Dossier créé','Le dossier \"4. SAFFOX\" a été créé avec succès.','fa-folder','2024-03-27 22:39:34','2024-03-27 22:39:34'),('84b880a7-3ace-4975-9b41-4e5485838cc8','6957a264-898c-477d-b35c-5e135272a263','Fichier ajouté','Le fichier \"5264-DISNEY-CASEY-S-CORNER---CRC-n-01.pdf\" a bien été ajouté à votre QR Drive.','fa-file','2024-03-27 22:36:54','2024-03-27 22:36:54'),('84b9ce47-4617-45ef-9a3f-12043351ab2a','7e5cdd75-d1cc-4aea-94be-a7bb9e2a1896','Dossier créé','Le dossier \"test2\" a été créé avec succès.','fa-folder','2024-11-28 20:45:56','2024-11-28 20:45:56'),('85552593-4cff-407e-9383-97051491b840','f1ef8359-cc22-4c37-8f41-3d4698a70eb5','Fichier ajouté','Le fichier \"180123 - CR Permanent SAFFOX - Fantasia Gelati.pptx\" a bien été ajouté à votre QR Drive.','fa-file','2024-04-26 20:15:49','2024-04-26 20:15:49'),('85623af5-7549-421a-9e7f-c84a251142f2','7e5cdd75-d1cc-4aea-94be-a7bb9e2a1896','Fichier ajouté','Le fichier \"Capture d’écran 2024-03-20 à 11.40.18.png\" a bien été ajouté à votre QR Drive.','fa-file','2024-04-27 17:27:05','2024-04-27 17:27:05'),('861da177-8e23-4659-9207-90945232b155','f1ef8359-cc22-4c37-8f41-3d4698a70eb5','Utilisateur supprimé','L\'utilisateur \"nicolas@saffox.eu\" a été supprimé de l\'opération.','fa-trash','2024-03-27 21:56:56','2024-03-27 21:56:56'),('8744b1e6-b328-473c-8d6b-03c94760ae0c','f1ef8359-cc22-4c37-8f41-3d4698a70eb5','Fichier ajouté','Le fichier \"290623 - CR Permanent SAFFOX - Terrasse R099_Toiture C1 et C2.pdf\" a bien été ajouté à votre QR Drive.','fa-file','2024-04-26 20:21:06','2024-04-26 20:21:06'),('8745da89-dbcf-4ced-bdbe-3a9a2dc13123','6957a264-898c-477d-b35c-5e135272a263','Fichier ajouté','Le fichier \"06032024 - CR Permanent SAFFOX - CASEY\'S CORNER.pdf\" a bien été ajouté à votre QR Drive.','fa-file','2024-03-27 22:40:22','2024-03-27 22:40:22'),('87d66bea-3a80-4786-92f1-87a49d9c2332','f1ef8359-cc22-4c37-8f41-3d4698a70eb5','Fichier ajouté','Le fichier \"110523 - CR Permanent SAFFOX - Terrasse R099.pdf\" a bien été ajouté à votre QR Drive.','fa-file','2024-04-26 20:20:23','2024-04-26 20:20:23'),('89003212-2081-424d-8737-ff6e157f3766','6957a264-898c-477d-b35c-5e135272a263','Fichier ajouté','Le fichier \"IDDIS230310A_RJ022_IC SNEE_240220.pdf\" a bien été ajouté à votre QR Drive.','fa-file','2024-03-27 22:27:52','2024-03-27 22:27:52'),('8a109eb0-86d4-410a-81ad-03ef465577e3','7e5cdd75-d1cc-4aea-94be-a7bb9e2a1896','Accès fichier modifiés','Les accès du fichier \"QR4YOU-Flyer.pdf\" ont été modifié.','fa-file','2024-01-18 12:53:28','2024-01-18 12:53:28'),('8b0cc57f-a419-4ab9-82db-d171ab8a3b18','f1ef8359-cc22-4c37-8f41-3d4698a70eb5','Fichier ajouté','Le fichier \"200223 - CR Permanent SAFFOX - Fantasia Gelati.pptx\" a bien été ajouté à votre QR Drive.','fa-file','2024-04-26 20:17:43','2024-04-26 20:17:43'),('8b3d875e-d166-4a2f-8568-c18026121cb8','7e5cdd75-d1cc-4aea-94be-a7bb9e2a1896','Utilisateur modifié','L\'utilisateur \"etudes@saffox.eu\" a été modifié avec succès.','fa-user','2024-03-27 20:56:09','2024-03-27 20:56:09'),('8bae7758-b8be-41f9-9019-9edc80eb8572','7e5cdd75-d1cc-4aea-94be-a7bb9e2a1896','Utilisateur modifié','L\'utilisateur \"etudes@saffox.eu\" a été modifié avec succès.','fa-user','2024-03-27 20:55:49','2024-03-27 20:55:49'),('8c3325e5-6dbd-4a5f-b4fa-dc035c5ad224','f1ef8359-cc22-4c37-8f41-3d4698a70eb5','Fichier ajouté','Le fichier \"210223 - CR Permanent SAFFOX - Fantasia Gelati.pptx\" a bien été ajouté à votre QR Drive.','fa-file','2024-04-26 20:17:43','2024-04-26 20:17:43'),('8ce03242-21f6-4b71-a3b1-5c12bc50d322','f1ef8359-cc22-4c37-8f41-3d4698a70eb5','Fichier ajouté','Le fichier \"100223 - CR Permanent SAFFOX - Fantasia Gelati.pdf\" a bien été ajouté à votre QR Drive.','fa-file','2024-04-26 20:17:43','2024-04-26 20:17:43'),('8d56cf8b-5c03-4a95-afaf-b5ef743a9301','7e5cdd75-d1cc-4aea-94be-a7bb9e2a1896','Fichier ajouté','Le fichier \"Capture d’écran 2024-04-11 à 15.25.59.png\" a bien été ajouté à votre QR Drive.','fa-file','2024-04-27 17:27:05','2024-04-27 17:27:05'),('8ddbc7a6-572c-4727-943d-147f0d94b2d9','7e5cdd75-d1cc-4aea-94be-a7bb9e2a1896','Dossier créé','Le dossier \"Tutorials\" a été créé avec succès.','fa-folder','2024-01-18 09:02:36','2024-01-18 09:02:36'),('8e236f95-e5f3-4be0-af45-09a144e5c36a','f1ef8359-cc22-4c37-8f41-3d4698a70eb5','Fichier ajouté','Le fichier \"080223 - CR Permanent SAFFOX - Fantasia Gelati.pptx\" a bien été ajouté à votre QR Drive.','fa-file','2024-04-26 20:17:43','2024-04-26 20:17:43'),('8e3a5505-6cd6-4dd7-bf77-6acf9fc8751b','f1ef8359-cc22-4c37-8f41-3d4698a70eb5','Fichier ajouté','Le fichier \"260423 - CR Permanent SAFFOX - Terrasse R099.pdf\" a bien été ajouté à votre QR Drive.','fa-file','2024-04-26 20:19:11','2024-04-26 20:19:11'),('9000fda6-5d93-465e-b5ba-69fa0abc0724','7e5cdd75-d1cc-4aea-94be-a7bb9e2a1896','Utilisateur modifié','L\'utilisateur \"test@gmail.com\" a été modifié avec succès.','fa-user','2024-01-16 20:43:05','2024-01-16 20:43:05'),('900b0fb0-5727-4e4b-b633-df6d1b65ac5c','f1ef8359-cc22-4c37-8f41-3d4698a70eb5','Fichier ajouté','Le fichier \"190423 - CR Permanent SAFFOX - Terrasse R099.pptx\" a bien été ajouté à votre QR Drive.','fa-file','2024-04-26 20:19:11','2024-04-26 20:19:11'),('9012c345-1b7a-47b3-bb31-0247483d7486','7e5cdd75-d1cc-4aea-94be-a7bb9e2a1896','Fichier ajouté','Le fichier \"tc_autocontrole.csv\" a bien été ajouté à votre QR Drive.','fa-file','2024-01-04 15:53:44','2024-01-04 15:53:44'),('91b795bf-c565-4b83-a4ee-da04c67a1f15','f1ef8359-cc22-4c37-8f41-3d4698a70eb5','Dossier créé','Le dossier \"CQP Vérificateur\" a été créé avec succès.','fa-folder','2024-04-26 20:09:49','2024-04-26 20:09:49'),('9261ea11-02b3-40d1-9f50-f291b42a34c2','6957a264-898c-477d-b35c-5e135272a263','Fichier ajouté','Le fichier \"IDDIS230310A_RJ016_IC SDM_240215.pdf\" a bien été ajouté à votre QR Drive.','fa-file','2024-03-27 22:33:38','2024-03-27 22:33:38'),('930df4bc-bbd3-4479-8a8b-ccf7a7ba472d','6957a264-898c-477d-b35c-5e135272a263','Fichier ajouté','Le fichier \"IDDIS230310A_RJ012_IC RENTOKIL INTIALL_240215.pdf\" a bien été ajouté à votre QR Drive.','fa-file','2024-03-27 22:27:51','2024-03-27 22:27:51'),('9345a993-740d-44a1-86f2-095fea76c8b1','f1ef8359-cc22-4c37-8f41-3d4698a70eb5','Nouveau champs','Le champs \"Email\" a été ajouté au QR Form','fa-form','2024-03-27 21:47:56','2024-03-27 21:47:56'),('936572fc-3951-4c3d-9bf6-45b60c290317','8a9fcfa0-26df-4419-b686-58a8a2e47944','Dossier créé','Le dossier \"CHRISTOPHER GONCALVEZ\" a été créé avec succès.','fa-folder','2024-11-26 13:32:08','2024-11-26 13:32:08'),('93cc37ce-0877-4f36-a258-aafbc604b9b1','7e5cdd75-d1cc-4aea-94be-a7bb9e2a1896','Accès fichier modifiés','Les accès du fichier \"Tutorials\" ont été modifié.','fa-file','2024-01-18 12:53:11','2024-01-18 12:53:11'),('93fc2b76-3886-40aa-b369-c585675fb91d','7e5cdd75-d1cc-4aea-94be-a7bb9e2a1896','Fichier ajouté','Le fichier \"Capture d’écran 2024-03-29 à 18.43.40.png\" a bien été ajouté à votre QR Drive.','fa-file','2024-04-27 17:23:05','2024-04-27 17:23:05'),('941473f6-417f-42f8-a6fa-83866fb5afca','f1ef8359-cc22-4c37-8f41-3d4698a70eb5','Fichier ajouté','Le fichier \"220623 - CR Permanent SAFFOX - Terrasse R099.pptx\" a bien été ajouté à votre QR Drive.','fa-file','2024-04-26 20:21:06','2024-04-26 20:21:06'),('95eda3af-6f48-4af4-ae78-29cef40f52b1','6957a264-898c-477d-b35c-5e135272a263','Dossier créé','Le dossier \"CR SAFFOX\" a été créé avec succès.','fa-folder','2024-03-27 22:39:45','2024-03-27 22:39:45'),('95f7372b-a657-49d4-8efe-ae00db13cf43','7e5cdd75-d1cc-4aea-94be-a7bb9e2a1896','Dossier créé','Le dossier \"Test\" a été créé avec succès.','fa-folder','2024-01-18 13:21:38','2024-01-18 13:21:38'),('962ffbec-e330-4f51-bdaa-226b5ec9f6c9','f1ef8359-cc22-4c37-8f41-3d4698a70eb5','Dossier créé','Le dossier \"Facture Harnais\" a été créé avec succès.','fa-folder','2024-04-26 20:09:56','2024-04-26 20:09:56'),('96a34995-85d0-401d-9f6b-9143aa08173a','7e5cdd75-d1cc-4aea-94be-a7bb9e2a1896','Accès fichier modifiés','Les accès du fichier \"Tutorials\" ont été modifié.','fa-file','2024-01-18 12:53:21','2024-01-18 12:53:21'),('96d1fdd8-4953-4e94-8edf-aa8b6808cdd7','f1ef8359-cc22-4c37-8f41-3d4698a70eb5','Dossier créé','Le dossier \"J4R\" a été créé avec succès.','fa-folder','2024-04-26 20:09:34','2024-04-26 20:09:34'),('9774509d-a24e-4963-a5fc-e0dccb506189','7e5cdd75-d1cc-4aea-94be-a7bb9e2a1896','Fichier ajouté','Le fichier \"Capture d’écran 2024-04-15 à 23.36.35.png\" a bien été ajouté à votre QR Drive.','fa-file','2024-04-27 17:23:05','2024-04-27 17:23:05'),('97dbbcfb-5d9b-4e74-a7e3-ac0074f6b0f8','6957a264-898c-477d-b35c-5e135272a263','Dossier créé','Le dossier \"03. MARS\" a été créé avec succès.','fa-folder','2024-03-27 22:39:53','2024-03-27 22:39:53'),('98115f7c-7332-4954-ab5e-dfab4bf070de','7e5cdd75-d1cc-4aea-94be-a7bb9e2a1896','Utilisateur supprimé','L\'utilisateur \"test3@gmail.com\" a été supprimé de l\'opération.','fa-trash','2024-03-27 21:12:01','2024-03-27 21:12:01'),('983abbfa-6b27-4884-8d6d-d0c832043762','7e5cdd75-d1cc-4aea-94be-a7bb9e2a1896','Fichier ajouté','Le fichier \"Capture d’écran 2024-03-30 à 13.24.44.png\" a bien été ajouté à votre QR Drive.','fa-file','2024-04-27 17:23:05','2024-04-27 17:23:05'),('9ae24cb3-5301-4dcd-a5c7-b870010f8284','6957a264-898c-477d-b35c-5e135272a263','Fichier ajouté','Le fichier \"26032024 - CR Permanent SAFFOX - CASEY\'S CORNER (1).pptx\" a bien été ajouté à votre QR Drive.','fa-file','2024-03-27 22:40:22','2024-03-27 22:40:22'),('9ae5e958-4297-47c3-981c-6ef83ed577ee','f1ef8359-cc22-4c37-8f41-3d4698a70eb5','Dossier créé','Le dossier \"ISOTOP\" a été créé avec succès.','fa-folder','2024-04-26 20:08:55','2024-04-26 20:08:55'),('9c7b79c1-4015-4b31-ab70-6485fa4b1444','7e5cdd75-d1cc-4aea-94be-a7bb9e2a1896','Utilisateur modifié','L\'utilisateur \"etudes@saffox.eu\" a été modifié avec succès.','fa-user','2024-03-27 20:56:24','2024-03-27 20:56:24'),('9d7bb73c-8f43-482d-b9f2-64f128015e18','f1ef8359-cc22-4c37-8f41-3d4698a70eb5','Fichier ajouté','Le fichier \"210423 - CR Permanent SAFFOX - Terrasse R099.pdf\" a bien été ajouté à votre QR Drive.','fa-file','2024-04-26 20:19:11','2024-04-26 20:19:11'),('9daa5232-e7a9-4a1c-8a99-1edfa1de7e58','6957a264-898c-477d-b35c-5e135272a263','Dossier créé','Le dossier \"1. CSPS\" a été créé avec succès.','fa-folder','2024-03-27 22:25:51','2024-03-27 22:25:51'),('9f159837-49c4-494e-ac88-2936830f34d3','6957a264-898c-477d-b35c-5e135272a263','Fichier ajouté','Le fichier \"IDDIS230310A_RJ014_IC LOCAMOD_240215.pdf\" a bien été ajouté à votre QR Drive.','fa-file','2024-03-27 22:33:38','2024-03-27 22:33:38'),('9f713ef1-bca6-494c-bd35-c36732b621a8','6957a264-898c-477d-b35c-5e135272a263','Fichier ajouté','Le fichier \"IDDIS230310A_RJ031_PGC CASEY’S CORNER MAJ_240301.pdf\" a bien été ajouté à votre QR Drive.','fa-file','2024-03-27 22:27:30','2024-03-27 22:27:30'),('9fef7505-e842-4337-938b-506c164769d0','f1ef8359-cc22-4c37-8f41-3d4698a70eb5','Fichier ajouté','Le fichier \"Document PDF.pdf\" a bien été ajouté à votre QR Drive.','fa-file','2024-04-26 20:08:39','2024-04-26 20:08:39'),('a0f39130-d642-4a1b-bf34-534add4e5e75','f1ef8359-cc22-4c37-8f41-3d4698a70eb5','Fichier ajouté','Le fichier \"000081ef.pdf\" a bien été ajouté à votre QR Drive.','fa-file','2024-04-26 20:08:39','2024-04-26 20:08:39'),('a17e6cd1-8113-4bf7-bf66-8a81d3089e1b','f1ef8359-cc22-4c37-8f41-3d4698a70eb5','Fichier ajouté','Le fichier \"100523 - CR Permanent SAFFOX - Terrasse R099.pdf\" a bien été ajouté à votre QR Drive.','fa-file','2024-04-26 20:20:23','2024-04-26 20:20:23'),('a1965957-7949-43c9-a411-1beae22b3c2e','7e5cdd75-d1cc-4aea-94be-a7bb9e2a1896','Utilisateur modifié','L\'utilisateur \"test3@gmail.com\" a été modifié avec succès.','fa-user','2024-03-14 19:40:42','2024-03-14 19:40:42'),('a1c2fbc6-b8ef-40a6-b207-48d8c3d7e7d1','6957a264-898c-477d-b35c-5e135272a263','Fichier ajouté','Le fichier \"IDDIS230310A_RJ013_IC MEDINGER et FILS_24021.pdf\" a bien été ajouté à votre QR Drive.','fa-file','2024-03-27 22:32:17','2024-03-27 22:32:17'),('a1d5f493-f77e-4e72-b384-4237d51dd814','7e5cdd75-d1cc-4aea-94be-a7bb9e2a1896','Fichier ajouté','Le fichier \"QR4YOU-3.pdf\" a bien été ajouté à votre QR Drive.','fa-file','2024-01-18 11:13:18','2024-01-18 11:13:18'),('a1e7c5b1-6505-4f71-9a76-d665437f5b89','7e5cdd75-d1cc-4aea-94be-a7bb9e2a1896','Fichier non importé','Le fichier \"Capture d’écran 2024-03-20 à 00.43.06.png\" n\'a pas été importé pour cause de manque d\'espace.','fa-warning','2024-04-27 17:21:43','2024-04-27 17:21:43'),('a23a17ff-d566-47ba-b6f1-e2c01f5a6ff2','6957a264-898c-477d-b35c-5e135272a263','Fichier ajouté','Le fichier \"IDDIS230310A_RJ012_IC RENTOKIL INTIALL_240215.pdf\" a bien été ajouté à votre QR Drive.','fa-file','2024-03-27 22:32:17','2024-03-27 22:32:17'),('a27d3856-c851-4a24-8848-15a7106c171d','6957a264-898c-477d-b35c-5e135272a263','Dossier créé','Le dossier \"HARNAIS\" a été créé avec succès.','fa-folder','2024-06-14 17:11:44','2024-06-14 17:11:44'),('a403432b-db9c-4de7-813c-f4d682fead48','6957a264-898c-477d-b35c-5e135272a263','Fichier ajouté','Le fichier \"VGP SDC.jpg\" a bien été ajouté à votre QR Drive.','fa-file','2024-03-27 22:37:35','2024-03-27 22:37:35'),('a4e3cad8-b999-473b-99e0-50ba94838d1b','f1ef8359-cc22-4c37-8f41-3d4698a70eb5','Fichier ajouté','Le fichier \"050523 - CR Permanent SAFFOX - Terrasse R099.pptx\" a bien été ajouté à votre QR Drive.','fa-file','2024-04-26 20:20:23','2024-04-26 20:20:23'),('a5487dbc-a3f2-4b7f-98a2-319fed9ab269','7e5cdd75-d1cc-4aea-94be-a7bb9e2a1896','Fichier ajouté','Le fichier \"Capture d’écran 2024-04-24 à 14.32.21.png\" a bien été ajouté à votre QR Drive.','fa-file','2024-04-27 17:21:45','2024-04-27 17:21:45'),('a55dadc6-15c8-4f09-8e9b-84faaf7c7edc','f1ef8359-cc22-4c37-8f41-3d4698a70eb5','Fichier ajouté','Le fichier \"Fantasyland-PPSPS-Chari-edC.pdf\" a bien été ajouté à votre QR Drive.','fa-file','2024-04-26 20:08:39','2024-04-26 20:08:39'),('a579c54d-331b-40bd-82b8-cbb322aaeeb2','7e5cdd75-d1cc-4aea-94be-a7bb9e2a1896','Dossier créé','Le dossier \"HARNAIS\" a été créé avec succès.','fa-folder','2024-07-08 14:46:46','2024-07-08 14:46:46'),('a57a772a-b492-40c7-b2a4-8c16bb7f4461','6957a264-898c-477d-b35c-5e135272a263','Dossier supprimé','Le dossier \"test\" a été supprimé avec succès.','fa-trash','2024-11-27 15:15:51','2024-11-27 15:15:51'),('a5c5353b-ae16-490f-9d3c-3745276d8dc9','6957a264-898c-477d-b35c-5e135272a263','Utilisateur créé','L\'utilisateur \"test4@gmail.com\" a été ajouté à votre opération.','fa-user','2024-04-26 10:15:43','2024-04-26 10:15:43'),('a5d2911f-b005-4f38-b2d0-41376519c77f','7e5cdd75-d1cc-4aea-94be-a7bb9e2a1896','Utilisateur créé','L\'utilisateur \"test4@gmail.com\" a été ajouté à votre opération.','fa-user','2024-04-26 10:16:27','2024-04-26 10:16:27'),('a71b163b-4c46-4f2f-899e-dcb9db94e5b7','f1ef8359-cc22-4c37-8f41-3d4698a70eb5','Fichier ajouté','Le fichier \"2364_230627160142_001.pdf\" a bien été ajouté à votre QR Drive.','fa-file','2024-04-26 20:13:29','2024-04-26 20:13:29'),('a794a51e-81e2-4c29-a1e3-cfe354298746','6957a264-898c-477d-b35c-5e135272a263','Nouveau champs','Le champs \"Email\" a été ajouté au QR Form','fa-form','2024-03-27 21:45:52','2024-03-27 21:45:52'),('a8ccca40-773e-4fbb-8eb2-d3ea843fc7a8','7e5cdd75-d1cc-4aea-94be-a7bb9e2a1896','Fichier ajouté','Le fichier \"Capture d’écran 2024-04-17 à 13.35.06.png\" a bien été ajouté à votre QR Drive.','fa-file','2024-04-27 17:27:05','2024-04-27 17:27:05'),('a9305b03-5ea8-4a1c-9757-c6f0060c798c','6957a264-898c-477d-b35c-5e135272a263','Fichier ajouté','Le fichier \"IDDIS230310A_RJ008_PGC CASEY_S CORNER_240126.pdf\" a bien été ajouté à votre QR Drive.','fa-file','2024-03-27 22:27:31','2024-03-27 22:27:31'),('a938cb36-f15a-4506-96fb-4483926a6565','6957a264-898c-477d-b35c-5e135272a263','Fichier ajouté','Le fichier \"27032024 - CR Permanent SAFFOX - CASEY\'S CORNER.pptx\" a bien été ajouté à votre QR Drive.','fa-file','2024-03-27 22:40:23','2024-03-27 22:40:23'),('a96b92b4-5e27-47b4-a148-b115e29e33c1','6957a264-898c-477d-b35c-5e135272a263','Fichier ajouté','Le fichier \"09032024 - CR Permanent SAFFOX - CASEY\'S CORNER-7.pdf\" a bien été ajouté à votre QR Drive.','fa-file','2024-03-27 22:40:22','2024-03-27 22:40:22'),('a9b3890d-ccbc-4a53-ad18-3f880e43a890','7e5cdd75-d1cc-4aea-94be-a7bb9e2a1896','Fichier ajouté','Le fichier \"Capture d’écran 2024-04-17 à 13.35.06.png\" a bien été ajouté à votre QR Drive.','fa-file','2024-04-27 17:21:45','2024-04-27 17:21:45'),('aa094a47-21d1-4e63-aed8-b0b01800efa3','6957a264-898c-477d-b35c-5e135272a263','Fichier ajouté','Le fichier \"IDDIS230310A_RJ022_IC SNEE_240220.pdf\" a bien été ajouté à votre QR Drive.','fa-file','2024-03-27 22:32:17','2024-03-27 22:32:17'),('aaae21f3-cd7f-4ea1-911d-5db9f2814697','6957a264-898c-477d-b35c-5e135272a263','Fichier ajouté','Le fichier \"27032024 - CR Permanent SAFFOX - CASEY\'S CORNER.pdf\" a bien été ajouté à votre QR Drive.','fa-file','2024-03-27 22:40:22','2024-03-27 22:40:22'),('aadac78c-2b62-49b6-9e87-4409cda320ba','f1ef8359-cc22-4c37-8f41-3d4698a70eb5','Fichier ajouté','Le fichier \"220223 - CR Permanent SAFFOX - Fantasia Gelati.pptx\" a bien été ajouté à votre QR Drive.','fa-file','2024-04-26 20:17:43','2024-04-26 20:17:43'),('ac2b4e52-9dcf-4085-9bb7-f03a681554c6','f1ef8359-cc22-4c37-8f41-3d4698a70eb5','Fichier ajouté','Le fichier \"010623 - CR Permanent SAFFOX - Terrasse R099.pdf\" a bien été ajouté à votre QR Drive.','fa-file','2024-04-26 20:21:06','2024-04-26 20:21:06'),('ae56d389-8190-44e6-b2e8-e90684cc0291','7e5cdd75-d1cc-4aea-94be-a7bb9e2a1896','Fichier ajouté','Le fichier \"Capture d’écran 2024-04-11 à 16.38.00.png\" a bien été ajouté à votre QR Drive.','fa-file','2024-04-27 17:27:05','2024-04-27 17:27:05'),('af0323fe-c2d7-4686-a550-896c96e7e200','7e5cdd75-d1cc-4aea-94be-a7bb9e2a1896','Fichier ajouté','Le fichier \"Capture d’écran 2024-04-16 à 11.08.51.png\" a bien été ajouté à votre QR Drive.','fa-file','2024-04-27 17:21:45','2024-04-27 17:21:45'),('b021cd8f-6aa3-464d-bad1-74125e3e1eef','f1ef8359-cc22-4c37-8f41-3d4698a70eb5','Fichier ajouté','Le fichier \"270623 - CR Permanent SAFFOX - Terrasse R099_Toiture C1 et C2.pdf\" a bien été ajouté à votre QR Drive.','fa-file','2024-04-26 20:21:06','2024-04-26 20:21:06'),('b18d7b34-14e2-455c-b9f8-ef792af44046','7e5cdd75-d1cc-4aea-94be-a7bb9e2a1896','Utilisateur modifié','L\'utilisateur \"etudes@saffox.eu\" a été modifié avec succès.','fa-user','2024-03-27 15:30:35','2024-03-27 15:30:35'),('b1db89d4-b02d-4491-bf7b-29f4defe98f5','7e5cdd75-d1cc-4aea-94be-a7bb9e2a1896','Dossier créé','Le dossier \"Test\" a été créé avec succès.','fa-folder','2024-07-08 14:45:51','2024-07-08 14:45:51'),('b1dd3bff-7277-4909-8253-1813459c4fee','f1ef8359-cc22-4c37-8f41-3d4698a70eb5','Dossier créé','Le dossier \"6. JUIN 2024\" a été créé avec succès.','fa-folder','2024-04-26 20:15:38','2024-04-26 20:15:38'),('b230352c-af1a-4ae8-96e5-5697284b909c','f1ef8359-cc22-4c37-8f41-3d4698a70eb5','Fichier ajouté','Le fichier \"140623 - CR Permanent SAFFOX - Terrasse R099.pdf\" a bien été ajouté à votre QR Drive.','fa-file','2024-04-26 20:21:06','2024-04-26 20:21:06'),('b2e4dc0e-346a-4100-8136-be3e967f4387','f1ef8359-cc22-4c37-8f41-3d4698a70eb5','Fichier ajouté','Le fichier \"120423 - CR Permanent SAFFOX - Terrasse R099.pptx\" a bien été ajouté à votre QR Drive.','fa-file','2024-04-26 20:19:11','2024-04-26 20:19:11'),('b300e458-1adf-45e9-bb3c-c3462dfa44d3','f1ef8359-cc22-4c37-8f41-3d4698a70eb5','Fichier ajouté','Le fichier \"100223 - CR Permanent SAFFOX - Fantasia Gelati.pptx\" a bien été ajouté à votre QR Drive.','fa-file','2024-04-26 20:17:43','2024-04-26 20:17:43'),('b4549b40-f605-49d4-8ff9-cd0398bdfb36','7e5cdd75-d1cc-4aea-94be-a7bb9e2a1896','Utilisateur supprimé','L\'utilisateur \"etudes2@saffox.eu\" a été supprimé de l\'opération.','fa-trash','2024-03-21 16:57:29','2024-03-21 16:57:29'),('b6646b00-cef5-4daa-825c-e1b5ea578306','6957a264-898c-477d-b35c-5e135272a263','Fichier ajouté','Le fichier \"AIPR SDC.jpg\" a bien été ajouté à votre QR Drive.','fa-file','2024-03-27 22:38:46','2024-03-27 22:38:46'),('b676ba0c-8188-40a2-94d2-13f073772da1','7e5cdd75-d1cc-4aea-94be-a7bb9e2a1896','Dossier créé','Le dossier \"Mustapha AYOUSSI\" a été créé avec succès.','fa-folder','2024-04-19 21:44:37','2024-04-19 21:44:37'),('b6d962c5-33c8-47fb-8cf8-5baa57abcc09','6957a264-898c-477d-b35c-5e135272a263','Dossier créé','Le dossier \"5. CONSIGNATION\" a été créé avec succès.','fa-folder','2024-03-27 22:46:48','2024-03-27 22:46:48'),('b6dbdced-37ad-4fb2-b5a7-10132fc5d239','6957a264-898c-477d-b35c-5e135272a263','Dossier créé','Le dossier \"PPSPS\" a été créé avec succès.','fa-folder','2024-03-27 22:35:41','2024-03-27 22:35:41'),('b6f8c577-7d82-4245-9d9c-a863f188dea9','7e5cdd75-d1cc-4aea-94be-a7bb9e2a1896','Fichier ajouté','Le fichier \"Capture d’écran 2024-04-17 à 13.35.06.png\" a bien été ajouté à votre QR Drive.','fa-file','2024-04-27 17:23:05','2024-04-27 17:23:05'),('b71e314e-82bb-4051-99d3-f923937b57ec','7e5cdd75-d1cc-4aea-94be-a7bb9e2a1896','Utilisateur modifié','L\'utilisateur \"etudes@saffox.eu\" a été modifié avec succès.','fa-user','2024-11-26 13:24:13','2024-11-26 13:24:13'),('b732652f-aac8-4638-b852-0234e13f6dcc','f1ef8359-cc22-4c37-8f41-3d4698a70eb5','Fichier ajouté','Le fichier \"240223 - CR Permanent SAFFOX - Fantasia Gelati.pptx\" a bien été ajouté à votre QR Drive.','fa-file','2024-04-26 20:17:43','2024-04-26 20:17:43'),('b734513c-aad6-4a49-8264-31bba9978071','6957a264-898c-477d-b35c-5e135272a263','Fichier ajouté','Le fichier \"23032024 - CR Permanent SAFFOX - CASEY\'S CORNER.pdf\" a bien été ajouté à votre QR Drive.','fa-file','2024-03-27 22:40:22','2024-03-27 22:40:22'),('b7abba3e-a74f-4b5b-91c0-cb9b1600e524','8a9fcfa0-26df-4419-b686-58a8a2e47944','Dossier créé','Le dossier \"Engins\" a été créé avec succès.','fa-folder','2024-11-26 13:26:11','2024-11-26 13:26:11'),('b7de9046-ec92-4e28-9561-030ea5d8918f','6957a264-898c-477d-b35c-5e135272a263','Fichier ajouté','Le fichier \"PPSPS SNEE.pdf\" a bien été ajouté à votre QR Drive.','fa-file','2024-03-27 22:39:12','2024-03-27 22:39:12'),('b8904322-6128-4edb-aec1-3384c033bb95','7e5cdd75-d1cc-4aea-94be-a7bb9e2a1896','Dossier supprimé','Le dossier \"Test\" a été supprimé avec succès.','fa-trash','2024-04-24 22:44:55','2024-04-24 22:44:55'),('b89e4fbc-c5d4-45a4-9eea-bad9fd387984','f1ef8359-cc22-4c37-8f41-3d4698a70eb5','Fichier ajouté','Le fichier \"280423 - CR Permanent SAFFOX - Terrasse R099.pdf\" a bien été ajouté à votre QR Drive.','fa-file','2024-04-26 20:19:11','2024-04-26 20:19:11'),('b954b4e4-d97a-42e9-9aa8-6c278491b226','6957a264-898c-477d-b35c-5e135272a263','Fichier ajouté','Le fichier \"19032024 - CR Permanent SAFFOX - CASEY\'S CORNER.pdf\" a bien été ajouté à votre QR Drive.','fa-file','2024-03-27 22:40:22','2024-03-27 22:40:22'),('ba68d5e8-3629-4e17-9cbe-1c958a1efe25','7e5cdd75-d1cc-4aea-94be-a7bb9e2a1896','Fichier ajouté','Le fichier \"Capture d’écran 2024-04-15 à 14.45.01.png\" a bien été ajouté à votre QR Drive.','fa-file','2024-04-27 17:27:05','2024-04-27 17:27:05'),('bb8ee470-a9f9-4a57-ad94-cb2f997dbce9','6957a264-898c-477d-b35c-5e135272a263','Fichier ajouté','Le fichier \"IDDIS230310A_RJ011_IC Saint-denis construction _240212.pdf\" a bien été ajouté à votre QR Drive.','fa-file','2024-03-27 22:31:14','2024-03-27 22:31:14'),('bbe2da5c-fc90-417e-8362-b8b4df15a386','6957a264-898c-477d-b35c-5e135272a263','Accès fichier modifiés','Les accès du fichier \"26112024 - JOUR - CR Permanent SAFFOX - Disney Village.pdf\" ont été modifié.','fa-file','2024-11-27 15:14:39','2024-11-27 15:14:39'),('befd14c1-7024-466f-9c11-6a1a275a0d60','7e5cdd75-d1cc-4aea-94be-a7bb9e2a1896','Dossier créé','Le dossier \"test pv\" a été créé avec succès.','fa-folder','2024-11-28 20:12:56','2024-11-28 20:12:56'),('bf9338df-571a-455d-b155-3fd656ca8756','f1ef8359-cc22-4c37-8f41-3d4698a70eb5','Fichier ajouté','Le fichier \"240123 - CR Permanent SAFFOX - Fantasia Gelati.pptx\" a bien été ajouté à votre QR Drive.','fa-file','2024-04-26 20:15:49','2024-04-26 20:15:49'),('c0e75a62-bce6-453d-befa-89e37d75172f','7e5cdd75-d1cc-4aea-94be-a7bb9e2a1896','Fichier ajouté','Le fichier \"Capture d’écran 2024-03-20 à 11.40.18.png\" a bien été ajouté à votre QR Drive.','fa-file','2024-04-27 17:23:05','2024-04-27 17:23:05'),('c1cfd9a6-c86f-45c9-8e91-179430175017','7e5cdd75-d1cc-4aea-94be-a7bb9e2a1896','Fichier ajouté','Le fichier \"Capture d’écran 2024-04-11 à 16.38.00.png\" a bien été ajouté à votre QR Drive.','fa-file','2024-04-27 17:23:05','2024-04-27 17:23:05'),('c237f61b-af48-4fcf-af34-808f981c112c','7e5cdd75-d1cc-4aea-94be-a7bb9e2a1896','Utilisateur supprimé','L\'utilisateur \"etudes@saffox.eu\" a été supprimé de l\'opération.','fa-trash','2024-03-27 21:11:53','2024-03-27 21:11:53'),('c2bb0ed6-4282-42e2-8386-e95854e35284','6957a264-898c-477d-b35c-5e135272a263','Fichier renommé','Le fichier \"Capture d’écran 2024-06-14 à 19.13.34.png\" a été renommé \"CACES - Paul CHIRAC\".','fa-file','2024-06-14 17:16:37','2024-06-14 17:16:37'),('c44c9ee7-fdf8-4d88-9392-5c6d5f6e05dd','f1ef8359-cc22-4c37-8f41-3d4698a70eb5','Fichier ajouté','Le fichier \"240223 - CR Permanent SAFFOX - Fantasia Gelati.pdf\" a bien été ajouté à votre QR Drive.','fa-file','2024-04-26 20:17:43','2024-04-26 20:17:43'),('c5797858-2e5e-451c-927c-16dc71c1c854','7e5cdd75-d1cc-4aea-94be-a7bb9e2a1896','Utilisateur modifié','L\'utilisateur \"test4@gmail.com\" a été modifié avec succès.','fa-user','2024-03-27 15:30:22','2024-03-27 15:30:22'),('c59b487a-6a96-4831-8243-7a602ae02694','6957a264-898c-477d-b35c-5e135272a263','Fichier ajouté','Le fichier \"IDDIS230310A_RJ011_IC Saint-denis construction _240212.pdf\" a bien été ajouté à votre QR Drive.','fa-file','2024-03-27 22:33:38','2024-03-27 22:33:38'),('c602f9b7-4470-423e-8cc7-fdb4973df9af','f1ef8359-cc22-4c37-8f41-3d4698a70eb5','Fichier ajouté','Le fichier \"Fantasyland-MO-006-etancheite-R099-edB.pdf\" a bien été ajouté à votre QR Drive.','fa-file','2024-04-26 20:09:07','2024-04-26 20:09:07'),('c7636586-9b01-43de-ac9c-77e0a825a081','6957a264-898c-477d-b35c-5e135272a263','Fichier ajouté','Le fichier \"CACES SDC.jpg\" a bien été ajouté à votre QR Drive.','fa-file','2024-03-27 22:37:35','2024-03-27 22:37:35'),('c7852537-521a-4c4a-a09e-29baad7333b6','7e5cdd75-d1cc-4aea-94be-a7bb9e2a1896','Utilisateur créé','L\'utilisateur \"etudes@saffox.eu\" a été ajouté à votre opération.','fa-user','2024-03-27 21:49:15','2024-03-27 21:49:15'),('c879e689-065e-4297-9721-53bc3a129de3','f1ef8359-cc22-4c37-8f41-3d4698a70eb5','Fichier ajouté','Le fichier \"280423 - CR Permanent SAFFOX - Terrasse R099.pptx\" a bien été ajouté à votre QR Drive.','fa-file','2024-04-26 20:19:11','2024-04-26 20:19:11'),('c9f11837-f511-4897-ad12-49f4502d25f2','f1ef8359-cc22-4c37-8f41-3d4698a70eb5','Fichier ajouté','Le fichier \"230523 - CR Permanent SAFFOX - Terrasse R099.pptx\" a bien été ajouté à votre QR Drive.','fa-file','2024-04-26 20:20:23','2024-04-26 20:20:23'),('ca61d7b3-9b2d-453a-bcba-e11bf6fe0d19','f1ef8359-cc22-4c37-8f41-3d4698a70eb5','Fichier ajouté','Le fichier \"260423 - CR Permanent SAFFOX - Terrasse R099.pptx\" a bien été ajouté à votre QR Drive.','fa-file','2024-04-26 20:19:11','2024-04-26 20:19:11'),('cac74532-cb65-4a5a-958e-8e553e71df7c','6957a264-898c-477d-b35c-5e135272a263','Fichier ajouté','Le fichier \"presentation chantier CASEY\'S CORNER.pdf\" a bien été ajouté à votre QR Drive.','fa-file','2024-03-27 22:47:39','2024-03-27 22:47:39'),('caf35421-e245-494e-93fb-3bebebd4d7db','f1ef8359-cc22-4c37-8f41-3d4698a70eb5','Fichier ajouté','Le fichier \"180223 - CR Permanent SAFFOX - Fantasia Gelati.pdf\" a bien été ajouté à votre QR Drive.','fa-file','2024-04-26 20:17:43','2024-04-26 20:17:43'),('cb25ac4c-80fa-4ee5-bc40-6cea03826839','f1ef8359-cc22-4c37-8f41-3d4698a70eb5','Fichier ajouté','Le fichier \"090623 - CR Permanent SAFFOX - Terrasse R099.pptx\" a bien été ajouté à votre QR Drive.','fa-file','2024-04-26 20:21:06','2024-04-26 20:21:06'),('cb3a645f-174f-41fe-a543-4bdb00036f61','f1ef8359-cc22-4c37-8f41-3d4698a70eb5','Fichier ajouté','Le fichier \"040523 - CR Permanent SAFFOX - Terrasse R099.pdf\" a bien été ajouté à votre QR Drive.','fa-file','2024-04-26 20:20:23','2024-04-26 20:20:23'),('cb5b8bde-bc65-4cb5-88e7-155fbe1bbd19','7e5cdd75-d1cc-4aea-94be-a7bb9e2a1896','Utilisateur supprimé','L\'utilisateur \"test4@gmail.com\" a été supprimé de l\'opération.','fa-trash','2024-04-26 10:16:39','2024-04-26 10:16:39'),('cb9d8432-2d76-4c39-a10c-f37140fe7b20','7e5cdd75-d1cc-4aea-94be-a7bb9e2a1896','Fichier ajouté','Le fichier \"Capture d’écran 2024-03-22 à 11.44.10.png\" a bien été ajouté à votre QR Drive.','fa-file','2024-04-27 17:23:05','2024-04-27 17:23:05'),('cc4670ac-5cb8-4f96-94d6-a02cd45e648c','f1ef8359-cc22-4c37-8f41-3d4698a70eb5','Dossier créé','Le dossier \"3. ENTREPRISE\" a été créé avec succès.','fa-folder','2024-04-26 19:47:55','2024-04-26 19:47:55'),('cc7395e4-feba-4bbd-8ec3-0ba617236072','f1ef8359-cc22-4c37-8f41-3d4698a70eb5','Fichier ajouté','Le fichier \"240523 - CR Permanent SAFFOX - Terrasse R099.pdf\" a bien été ajouté à votre QR Drive.','fa-file','2024-04-26 20:20:23','2024-04-26 20:20:23'),('cc84cdce-5b31-4cdb-9a24-5e62cef9b19b','7e5cdd75-d1cc-4aea-94be-a7bb9e2a1896','Dossier créé','Le dossier \"Test\" a été créé avec succès.','fa-folder','2024-07-08 14:46:05','2024-07-08 14:46:05'),('cd7af40b-f733-424a-b16c-56aa33fc778b','f1ef8359-cc22-4c37-8f41-3d4698a70eb5','Dossier créé','Le dossier \"3. MARS 2024\" a été créé avec succès.','fa-folder','2024-04-26 20:14:53','2024-04-26 20:14:53'),('cda3d09f-46b3-4a16-bf44-4d79b01dc4aa','f1ef8359-cc22-4c37-8f41-3d4698a70eb5','Fichier ajouté','Le fichier \"210423 - CR Permanent SAFFOX - Terrasse R099.pptx\" a bien été ajouté à votre QR Drive.','fa-file','2024-04-26 20:19:11','2024-04-26 20:19:11'),('cf54b092-44b7-42b3-ad36-6e07ef6d7f94','6957a264-898c-477d-b35c-5e135272a263','Utilisateur créé','L\'utilisateur \"bilal@saffox.eu\" a été ajouté à votre opération.','fa-user','2024-03-27 21:50:11','2024-03-27 21:50:11'),('d0469675-16e5-424e-a7c6-caa1bcd0ff85','7e5cdd75-d1cc-4aea-94be-a7bb9e2a1896','Utilisateur supprimé','L\'utilisateur \"test4@gmail.com\" a été supprimé de l\'opération.','fa-trash','2024-04-26 10:16:29','2024-04-26 10:16:29'),('d07a0507-96a8-40a0-b960-77ccb156e381','6957a264-898c-477d-b35c-5e135272a263','Fichier ajouté','Le fichier \"IDDIS230310A_RJ016_IC SDM_240215.pdf\" a bien été ajouté à votre QR Drive.','fa-file','2024-03-27 22:27:51','2024-03-27 22:27:51'),('d07a6b2d-e40d-4af0-b631-18496b3a90d7','f1ef8359-cc22-4c37-8f41-3d4698a70eb5','Fichier ajouté','Le fichier \"310523 - CR Permanent SAFFOX - Terrasse R099.pptx\" a bien été ajouté à votre QR Drive.','fa-file','2024-04-26 20:20:25','2024-04-26 20:20:25'),('d1253deb-8960-41b3-ba6d-bfb2c1ca20ba','6957a264-898c-477d-b35c-5e135272a263','Fichier ajouté','Le fichier \"VGP NACELLE.pdf\" a bien été ajouté à votre QR Drive.','fa-file','2024-03-27 22:39:12','2024-03-27 22:39:12'),('d1ab915b-c08a-4789-a46c-8c5bf0c04b86','7e5cdd75-d1cc-4aea-94be-a7bb9e2a1896','Fichier ajouté','Le fichier \"Capture d’écran 2024-03-29 à 18.38.35.png\" a bien été ajouté à votre QR Drive.','fa-file','2024-04-27 17:27:05','2024-04-27 17:27:05'),('d251e701-a32c-49b5-afdd-cfebbc66a3a5','f1ef8359-cc22-4c37-8f41-3d4698a70eb5','Fichier ajouté','Le fichier \"230523 - CR Permanent SAFFOX - Terrasse R099.pdf\" a bien été ajouté à votre QR Drive.','fa-file','2024-04-26 20:20:23','2024-04-26 20:20:23'),('d330c846-0852-430c-ba1f-b258076f41ba','7e5cdd75-d1cc-4aea-94be-a7bb9e2a1896','Fichier ajouté','Le fichier \"Capture d’écran 2024-04-11 à 15.25.59.png\" a bien été ajouté à votre QR Drive.','fa-file','2024-04-27 17:21:45','2024-04-27 17:21:45'),('d35fd263-c5a4-4807-9eb2-c11d300f4b2e','6957a264-898c-477d-b35c-5e135272a263','Dossier supprimé','Le dossier \"ok\" a été supprimé avec succès.','fa-trash','2024-04-02 15:14:53','2024-04-02 15:14:53'),('d5214b2c-f36c-4a09-8482-b8f790cc545c','f1ef8359-cc22-4c37-8f41-3d4698a70eb5','Fichier ajouté','Le fichier \"100123 - CR Permanent SAFFOX - FANTASIA GELATI.pdf\" a bien été ajouté à votre QR Drive.','fa-file','2024-04-26 20:15:49','2024-04-26 20:15:49'),('d5d10499-cb1f-401a-8487-f456fcfce12d','f1ef8359-cc22-4c37-8f41-3d4698a70eb5','Fichier ajouté','Le fichier \"250423 - CR Permanent SAFFOX - Terrasse R099.pptx\" a bien été ajouté à votre QR Drive.','fa-file','2024-04-26 20:19:12','2024-04-26 20:19:12'),('d66d7419-18f2-4038-9d84-39b8b956c255','7e5cdd75-d1cc-4aea-94be-a7bb9e2a1896','Fichier ajouté','Le fichier \"Capture d’écran 2024-04-09 à 12.41.11.png\" a bien été ajouté à votre QR Drive.','fa-file','2024-04-27 17:27:05','2024-04-27 17:27:05'),('d69d089e-c5cb-46ba-9f3d-825228919c5d','7e5cdd75-d1cc-4aea-94be-a7bb9e2a1896','Fichier ajouté','Le fichier \"Capture d’écran 2024-03-22 à 11.44.32.png\" a bien été ajouté à votre QR Drive.','fa-file','2024-04-27 17:23:05','2024-04-27 17:23:05'),('d748d6bd-312f-489f-87b7-ebb4484827cd','6957a264-898c-477d-b35c-5e135272a263','Dossier créé','Le dossier \"SNEE\" a été créé avec succès.','fa-folder','2024-03-27 22:35:24','2024-03-27 22:35:24'),('d77febd8-0341-452a-98cd-3a78c3fe384f','6957a264-898c-477d-b35c-5e135272a263','Dossier créé','Le dossier \"6. PLAN\" a été créé avec succès.','fa-folder','2024-03-27 22:47:14','2024-03-27 22:47:14'),('d7d9fce7-00f6-419f-832d-447edde3e386','f1ef8359-cc22-4c37-8f41-3d4698a70eb5','Fichier ajouté','Le fichier \"140223 - CR Permanent SAFFOX - Fantasia Gelati (1).pdf\" a bien été ajouté à votre QR Drive.','fa-file','2024-04-26 20:17:43','2024-04-26 20:17:43'),('d8a10ad0-9310-47cf-b4c9-2364268b7f43','7e5cdd75-d1cc-4aea-94be-a7bb9e2a1896','Utilisateur supprimé','L\'utilisateur \"test4@gmail.com\" a été supprimé de l\'opération.','fa-trash','2024-03-27 15:30:28','2024-03-27 15:30:28'),('d8e586cb-6d63-437d-aeb7-64d7fee0bbaf','6957a264-898c-477d-b35c-5e135272a263','Fichier ajouté','Le fichier \"IDDIS230310A_RJ012_IC RENTOKIL INTIALL_240215.pdf\" a bien été ajouté à votre QR Drive.','fa-file','2024-03-27 22:33:38','2024-03-27 22:33:38'),('d8e86a3b-72ad-4755-af9f-02a35b3495e6','f1ef8359-cc22-4c37-8f41-3d4698a70eb5','Fichier ajouté','Le fichier \"310523 - CR Permanent SAFFOX - Terrasse R099.pdf\" a bien été ajouté à votre QR Drive.','fa-file','2024-04-26 20:20:23','2024-04-26 20:20:23'),('d914598d-723d-4b00-80f7-56ad4574a68e','7e5cdd75-d1cc-4aea-94be-a7bb9e2a1896','Dossier créé','Le dossier \"Maison Anamour\" a été créé avec succès.','fa-folder','2024-04-19 21:39:37','2024-04-19 21:39:37'),('d97d3c38-e02b-4bdb-b232-1e9352e63310','f1ef8359-cc22-4c37-8f41-3d4698a70eb5','Fichier ajouté','Le fichier \"250123 - CR Permanent SAFFOX - Fantasia Gelati.pptx\" a bien été ajouté à votre QR Drive.','fa-file','2024-04-26 20:15:49','2024-04-26 20:15:49'),('da686676-5507-467e-a20b-31ef05bbf3e8','7e5cdd75-d1cc-4aea-94be-a7bb9e2a1896','Accès fichier modifiés','Les accès du fichier \"Tutorials\" ont été modifié.','fa-file','2024-01-18 12:49:57','2024-01-18 12:49:57'),('db8e305f-4ad5-4d14-851d-4a4c5600039d','7e5cdd75-d1cc-4aea-94be-a7bb9e2a1896','Utilisateur supprimé','L\'utilisateur \"etudes.saffox@proton.me\" a été supprimé de l\'opération.','fa-trash','2024-03-20 14:22:52','2024-03-20 14:22:52'),('dbda661c-2905-46cc-9440-14d3fd2772dc','7e5cdd75-d1cc-4aea-94be-a7bb9e2a1896','Fichier ajouté','Le fichier \"Capture d’écran 2024-04-15 à 17.55.33.png\" a bien été ajouté à votre QR Drive.','fa-file','2024-04-27 17:23:05','2024-04-27 17:23:05'),('dc371837-37be-46e4-aa19-64e29ceeb2d0','6957a264-898c-477d-b35c-5e135272a263','Fichier ajouté','Le fichier \"IDDIS230310A_RJ022_IC SNEE_240220.pdf\" a bien été ajouté à votre QR Drive.','fa-file','2024-03-27 22:33:38','2024-03-27 22:33:38'),('dc843d0c-4af2-482b-ab58-38b2ac243b00','7e5cdd75-d1cc-4aea-94be-a7bb9e2a1896','Fichier ajouté','Le fichier \"Capture d’écran 2024-03-20 à 12.02.43.png\" a bien été ajouté à votre QR Drive.','fa-file','2024-04-27 17:23:05','2024-04-27 17:23:05'),('ddfcce34-f1f0-424b-9bac-14783ccf9fb5','7e5cdd75-d1cc-4aea-94be-a7bb9e2a1896','Utilisateur modifié','L\'utilisateur \"etudes@saffox.eu\" a été modifié avec succès.','fa-user','2024-02-27 22:45:31','2024-02-27 22:45:31'),('e00e4dba-78ac-43f4-ba7c-c82e8c2d7d01','6957a264-898c-477d-b35c-5e135272a263','Fichier ajouté','Le fichier \"IDDIS230310A_RJ017_IC GROUPELOISELEURS_240215.pdf\" a bien été ajouté à votre QR Drive.','fa-file','2024-03-27 22:31:14','2024-03-27 22:31:14'),('e01410a9-f87d-46bd-a71f-183dd7be07d9','f1ef8359-cc22-4c37-8f41-3d4698a70eb5','Dossier créé','Le dossier \"5. MAI 2025\" a été créé avec succès.','fa-folder','2024-04-26 20:15:11','2024-04-26 20:15:11'),('e07bd603-0429-47be-a6f2-50a41f606a5f','7e5cdd75-d1cc-4aea-94be-a7bb9e2a1896','Fichier ajouté','Le fichier \"Capture d’écran 2024-04-13 à 15.21.27.png\" a bien été ajouté à votre QR Drive.','fa-file','2024-04-27 17:23:05','2024-04-27 17:23:05'),('e08585f9-5f9e-49a2-bba7-2e3ed54d7648','f1ef8359-cc22-4c37-8f41-3d4698a70eb5','Fichier ajouté','Le fichier \"NDC_PLC059_23_A.pdf\" a bien été ajouté à votre QR Drive.','fa-file','2024-04-26 20:13:41','2024-04-26 20:13:41'),('e0ad4845-e17d-45e8-bc95-e7fecfebbc87','7e5cdd75-d1cc-4aea-94be-a7bb9e2a1896','Fichier ajouté','Le fichier \"Capture d’écran 2024-04-09 à 15.19.29.png\" a bien été ajouté à votre QR Drive.','fa-file','2024-04-27 17:27:05','2024-04-27 17:27:05'),('e10814dd-88ba-4d0e-8c5d-5313c5f5d2f1','6957a264-898c-477d-b35c-5e135272a263','Fichier ajouté','Le fichier \"08032024 - CR Permanent SAFFOX - CASEY\'S CORNER.pptx\" a bien été ajouté à votre QR Drive.','fa-file','2024-03-27 22:40:24','2024-03-27 22:40:24'),('e16c7209-52a3-4eb9-b79f-0bcac48b6483','6957a264-898c-477d-b35c-5e135272a263','Fichier ajouté','Le fichier \"16032024 - CR Permanent SAFFOX - CASEY\'S CORNER.pdf\" a bien été ajouté à votre QR Drive.','fa-file','2024-03-27 22:40:22','2024-03-27 22:40:22'),('e17dd790-9804-44ee-9b51-6eaf7a1e7de4','f1ef8359-cc22-4c37-8f41-3d4698a70eb5','Fichier ajouté','Le fichier \"070223 - CR Permanent SAFFOX - Fantasia Gelati.pptx\" a bien été ajouté à votre QR Drive.','fa-file','2024-04-26 20:17:43','2024-04-26 20:17:43'),('e2f24fa3-0724-4aea-ab82-3a99387a8a72','7e5cdd75-d1cc-4aea-94be-a7bb9e2a1896','Fichier ajouté','Le fichier \"Capture d’écran 2024-04-09 à 12.41.11.png\" a bien été ajouté à votre QR Drive.','fa-file','2024-04-27 17:23:05','2024-04-27 17:23:05'),('e365ff35-fd81-46c5-bb83-f7a8b636555b','f1ef8359-cc22-4c37-8f41-3d4698a70eb5','Fichier ajouté','Le fichier \"190123 - CR Permanent SAFFOX - Fantasia Gelati.pptx\" a bien été ajouté à votre QR Drive.','fa-file','2024-04-26 20:15:49','2024-04-26 20:15:49'),('e3b0e5f0-0fbe-44a1-a005-a0f3e8af72a6','6957a264-898c-477d-b35c-5e135272a263','Fichier ajouté','Le fichier \"15032024 - CR Permanent SAFFOX - CASEY\'S CORNER.pptx\" a bien été ajouté à votre QR Drive.','fa-file','2024-03-27 22:40:22','2024-03-27 22:40:22'),('e4a19e82-6318-48e9-8ed1-a7667e04f898','f1ef8359-cc22-4c37-8f41-3d4698a70eb5','Fichier ajouté','Le fichier \"100523 - CR Permanent SAFFOX - Terrasse R099.pptx\" a bien été ajouté à votre QR Drive.','fa-file','2024-04-26 20:20:23','2024-04-26 20:20:23'),('e4c386a1-1489-4c7f-99e4-fd92f7cd2d10','f1ef8359-cc22-4c37-8f41-3d4698a70eb5','Fichier ajouté','Le fichier \"160223 - CR Permanent SAFFOX - Fantasia Gelati.pptx\" a bien été ajouté à votre QR Drive.','fa-file','2024-04-26 20:17:43','2024-04-26 20:17:43'),('e503b102-38fd-4f6c-abea-6e635d848115','7e5cdd75-d1cc-4aea-94be-a7bb9e2a1896','Fichier ajouté','Le fichier \"Logo Linkedin - DEV4YOU-2.png\" a bien été ajouté à votre QR Drive.','fa-file','2024-04-24 22:57:32','2024-04-24 22:57:32'),('e55bda6b-1247-4d64-b544-98155252b632','f1ef8359-cc22-4c37-8f41-3d4698a70eb5','Fichier ajouté','Le fichier \"040523 - CR Permanent SAFFOX - Terrasse R099.pptx\" a bien été ajouté à votre QR Drive.','fa-file','2024-04-26 20:20:23','2024-04-26 20:20:23'),('e55d174b-c339-4ae9-9729-3120825fc54d','7e5cdd75-d1cc-4aea-94be-a7bb9e2a1896','Fichier ajouté','Le fichier \"AnimaPackage-Html-ez3mj.zip\" a bien été ajouté à votre QR Drive.','fa-file','2024-04-27 14:41:36','2024-04-27 14:41:36'),('e5a42cbb-ab8d-4323-b62a-d3311a446fa4','7e5cdd75-d1cc-4aea-94be-a7bb9e2a1896','Fichier ajouté','Le fichier \"administre.xlsx.xlsx\" a bien été ajouté à votre QR Drive.','fa-file','2024-04-27 14:41:36','2024-04-27 14:41:36'),('e5bf22da-6b93-4764-8310-159f8949b7ab','6957a264-898c-477d-b35c-5e135272a263','Fichier ajouté','Le fichier \"08032024 - CR Permanent SAFFOX - CASEY\'S CORNER.pdf\" a bien été ajouté à votre QR Drive.','fa-file','2024-03-27 22:40:22','2024-03-27 22:40:22'),('e60322b5-eeb4-4299-ae74-7f33794d71b9','6957a264-898c-477d-b35c-5e135272a263','Fichier ajouté','Le fichier \"22032024 - CR Permanent SAFFOX - CASEY\'S CORNER.pptx\" a bien été ajouté à votre QR Drive.','fa-file','2024-03-27 22:40:22','2024-03-27 22:40:22'),('e6548798-baf9-4cc9-857d-c5ee05a0609d','7e5cdd75-d1cc-4aea-94be-a7bb9e2a1896','Fichier ajouté','Le fichier \"Capture d’écran 2024-03-22 à 11.44.10.png\" a bien été ajouté à votre QR Drive.','fa-file','2024-04-27 17:27:05','2024-04-27 17:27:05'),('e66d229a-34fc-480d-8446-38dd2856914c','7e5cdd75-d1cc-4aea-94be-a7bb9e2a1896','Fichier ajouté','Le fichier \"Capture d’écran 2024-04-01 à 14.21.07.png\" a bien été ajouté à votre QR Drive.','fa-file','2024-04-27 17:23:05','2024-04-27 17:23:05'),('e73a9fc5-5287-4962-a6d7-2bd6ce546d6d','7e5cdd75-d1cc-4aea-94be-a7bb9e2a1896','Utilisateur supprimé','L\'utilisateur \"aa@gmail.com\" a été supprimé de l\'opération.','fa-trash','2024-01-16 20:40:06','2024-01-16 20:40:06'),('e74b4044-364e-4e8d-9e50-49f19893e424','f1ef8359-cc22-4c37-8f41-3d4698a70eb5','Utilisateur créé','L\'utilisateur \"nicolas@saffox.eu\" a été ajouté à votre opération.','fa-user','2024-03-27 21:51:13','2024-03-27 21:51:13'),('e7c5fc8b-3cb8-49ac-9647-992ab4e105b5','7e5cdd75-d1cc-4aea-94be-a7bb9e2a1896','Fichier renommé','Le fichier \"document-x4nCPIhiibjusQUs.pdf\" a été renommé \"CV_Mehdi.pdf\".','fa-file','2024-11-25 19:31:30','2024-11-25 19:31:30'),('e7f0ab91-675b-4221-a423-e2fe3d1e4f0a','7e5cdd75-d1cc-4aea-94be-a7bb9e2a1896','Fichier renommé','Le fichier \"Formations\" a été renommé \"Tutorials\".','fa-file','2024-01-18 11:02:49','2024-01-18 11:02:49'),('e83dec09-4a5e-4c72-93c9-fb5ea7ea7c76','f1ef8359-cc22-4c37-8f41-3d4698a70eb5','Dossier créé','Le dossier \"2. FEVRIER 2024\" a été créé avec succès.','fa-folder','2024-04-26 20:14:46','2024-04-26 20:14:46'),('e9a93546-64c5-4455-bc1c-9a4ca8ee8397','7e5cdd75-d1cc-4aea-94be-a7bb9e2a1896','Utilisateur créé','L\'utilisateur \"nicolas@saffox.eu\" a été ajouté à votre opération.','fa-user','2024-04-26 20:30:03','2024-04-26 20:30:03'),('ea7476e2-555e-47b9-baea-4bd12bac0a21','7e5cdd75-d1cc-4aea-94be-a7bb9e2a1896','Fichier ajouté','Le fichier \"AnimaPackage-Html-0GHkH.zip\" a bien été ajouté à votre QR Drive.','fa-file','2024-04-27 14:41:36','2024-04-27 14:41:36'),('eb47b4e6-1450-4ab2-b9f7-0fdfd07aa141','f1ef8359-cc22-4c37-8f41-3d4698a70eb5','Fichier ajouté','Le fichier \"Carte monteur mavita patrick.pdf\" a bien été ajouté à votre QR Drive.','fa-file','2024-04-26 20:10:30','2024-04-26 20:10:30'),('eb9b7791-b86b-4ef2-b922-030c7e1492d7','f1ef8359-cc22-4c37-8f41-3d4698a70eb5','Dossier créé','Le dossier \"PPSPS\" a été créé avec succès.','fa-folder','2024-04-26 20:10:09','2024-04-26 20:10:09'),('ebeaa97b-b928-48fa-8cdb-2ef087ec0941','f1ef8359-cc22-4c37-8f41-3d4698a70eb5','Dossier créé','Le dossier \"CHARI\" a été créé avec succès.','fa-folder','2024-04-26 20:08:31','2024-04-26 20:08:31'),('ec4e3a34-3705-4bbc-af65-52ca63fc596d','7e5cdd75-d1cc-4aea-94be-a7bb9e2a1896','Dossier supprimé','Le dossier \"Test\" a été supprimé avec succès.','fa-trash','2024-07-08 14:45:54','2024-07-08 14:45:54'),('eccd2c2f-0e9a-4999-a0b2-ee2544a8cd7a','7e5cdd75-d1cc-4aea-94be-a7bb9e2a1896','Fichier ajouté','Le fichier \"Pitch deck2.pdf\" a bien été ajouté à votre QR Drive.','fa-file','2024-04-24 22:49:13','2024-04-24 22:49:13'),('ed802efc-7bb1-4906-a6e2-74ec9d9589e2','7e5cdd75-d1cc-4aea-94be-a7bb9e2a1896','Fichier ajouté','Le fichier \"Capture d’écran 2024-03-30 à 13.13.28.png\" a bien été ajouté à votre QR Drive.','fa-file','2024-04-27 17:27:05','2024-04-27 17:27:05'),('ef4719bd-ca90-4452-bb9f-150955d22d9e','6957a264-898c-477d-b35c-5e135272a263','Fichier renommé','Le fichier \"Julien Renard\" a été renommé \"Paul CHIRAC\".','fa-file','2024-06-14 17:14:01','2024-06-14 17:14:01'),('ef6ac7b3-85d3-4e13-810e-218751f6ab0a','6957a264-898c-477d-b35c-5e135272a263','Utilisateur créé','L\'utilisateur \"nicolas@saffox.eu\" a été ajouté à votre opération.','fa-user','2024-04-02 15:08:52','2024-04-02 15:08:52'),('efc66629-1576-4706-80ac-d28c68459983','6957a264-898c-477d-b35c-5e135272a263','Fichier ajouté','Le fichier \"5264-DISNEY-CASEY-S-CORNER---CRC-n-02.pdf\" a bien été ajouté à votre QR Drive.','fa-file','2024-03-27 22:36:54','2024-03-27 22:36:54'),('f0dda975-d3ea-4b5b-920d-7347bdbda554','f1ef8359-cc22-4c37-8f41-3d4698a70eb5','Dossier créé','Le dossier \"1. CSPS\" a été créé avec succès.','fa-folder','2024-04-26 19:47:39','2024-04-26 19:47:39'),('f1077f0b-e7be-4ccc-8ca0-7b70858fd73d','6957a264-898c-477d-b35c-5e135272a263','Fichier ajouté','Le fichier \"23032024 - CR Permanent SAFFOX - CASEY\'S CORNER.pptx\" a bien été ajouté à votre QR Drive.','fa-file','2024-03-27 22:40:22','2024-03-27 22:40:22'),('f11dcf8a-2e8d-4fed-a948-8ba01a53a76b','7e5cdd75-d1cc-4aea-94be-a7bb9e2a1896','Dossier supprimé','Le dossier \"Dossier\" a été supprimé avec succès.','fa-trash','2024-04-24 22:50:35','2024-04-24 22:50:35'),('f19ea6f9-3359-45b5-8a28-a555a2b46dc5','f1ef8359-cc22-4c37-8f41-3d4698a70eb5','Fichier ajouté','Le fichier \"110523 - CR Permanent SAFFOX - Terrasse R099.pptx\" a bien été ajouté à votre QR Drive.','fa-file','2024-04-26 20:20:23','2024-04-26 20:20:23'),('f1ae7a69-ad03-463b-b55e-bd6fe21ffe04','6957a264-898c-477d-b35c-5e135272a263','Fichier ajouté','Le fichier \"double consignation SNEE.JPG\" a bien été ajouté à votre QR Drive.','fa-file','2024-03-27 22:46:55','2024-03-27 22:46:55'),('f1c9dad2-ff80-4fa6-a94c-9fc1dab33b88','f1ef8359-cc22-4c37-8f41-3d4698a70eb5','Fichier ajouté','Le fichier \"020623 - CR Permanent SAFFOX - Terrasse R099.pdf\" a bien été ajouté à votre QR Drive.','fa-file','2024-04-26 20:21:06','2024-04-26 20:21:06'),('f202d321-0c60-41fd-854a-6010752b254f','f1ef8359-cc22-4c37-8f41-3d4698a70eb5','Fichier ajouté','Le fichier \"J4R - BA - C1.zip\" a bien été ajouté à votre QR Drive.','fa-file','2024-04-26 20:10:17','2024-04-26 20:10:17'),('f253188d-b706-4c44-af0f-efbb0b81a35f','6957a264-898c-477d-b35c-5e135272a263','Fichier ajouté','Le fichier \"21032024 - CR Permanent SAFFOX - CASEY\'S CORNER.pptx\" a bien été ajouté à votre QR Drive.','fa-file','2024-03-27 22:40:22','2024-03-27 22:40:22'),('f25cad76-50a3-4755-a594-53916b739c4b','7e5cdd75-d1cc-4aea-94be-a7bb9e2a1896','Fichier ajouté','Le fichier \"Capture d’écran 2024-04-01 à 23.40.00.png\" a bien été ajouté à votre QR Drive.','fa-file','2024-04-27 17:27:05','2024-04-27 17:27:05'),('f2f9b042-c52f-417f-b123-8d76f95acdfb','7e5cdd75-d1cc-4aea-94be-a7bb9e2a1896','Accès fichier modifiés','Les accès du fichier \"Tutorials\" ont été modifié.','fa-file','2024-01-18 12:49:45','2024-01-18 12:49:45'),('f32645b8-2073-4a5f-a98c-1ae43457b309','f1ef8359-cc22-4c37-8f41-3d4698a70eb5','Dossier créé','Le dossier \"4. SAFFOX\" a été créé avec succès.','fa-folder','2024-04-26 19:48:11','2024-04-26 19:48:11'),('f3ef7615-c71b-489c-82d2-19ff5239e5e9','7e5cdd75-d1cc-4aea-94be-a7bb9e2a1896','Dossier supprimé','Le dossier \"test\" a été supprimé avec succès.','fa-trash','2024-03-20 16:32:40','2024-03-20 16:32:40'),('f42b8709-c7a1-470a-af0a-01eb0642704e','f1ef8359-cc22-4c37-8f41-3d4698a70eb5','Fichier ajouté','Le fichier \"presentation chantier TERRASSE R099.pptx\" a bien été ajouté à votre QR Drive.','fa-file','2024-04-26 20:21:56','2024-04-26 20:21:56'),('f6059825-1b4e-4ff9-886d-a03e5a12fb3c','f1ef8359-cc22-4c37-8f41-3d4698a70eb5','Fichier ajouté','Le fichier \"140223 - CR Permanent SAFFOX - Fantasia Gelati.pptx\" a bien été ajouté à votre QR Drive.','fa-file','2024-04-26 20:17:43','2024-04-26 20:17:43'),('f69325cb-9564-4f33-8607-1d8b421d9304','7e5cdd75-d1cc-4aea-94be-a7bb9e2a1896','Fichier ajouté','Le fichier \"Capture d’écran 2024-04-16 à 11.08.51.png\" a bien été ajouté à votre QR Drive.','fa-file','2024-04-27 17:27:05','2024-04-27 17:27:05'),('f78e9010-fa8e-44f4-a95e-c0d626c0af84','f1ef8359-cc22-4c37-8f41-3d4698a70eb5','Fichier ajouté','Le fichier \"2023-05-30 Planning R099.pdf\" a bien été ajouté à votre QR Drive.','fa-file','2024-04-26 20:06:31','2024-04-26 20:06:31'),('f7e54d4c-fb9f-4177-bc97-0cf6858c3e1b','f1ef8359-cc22-4c37-8f41-3d4698a70eb5','Fichier ajouté','Le fichier \"070223 - CR Permanent SAFFOX - FANTASIA GELATI.pdf\" a bien été ajouté à votre QR Drive.','fa-file','2024-04-26 20:17:43','2024-04-26 20:17:43'),('f8370a81-7a63-4c3a-ae51-a3208fb0b5fe','6957a264-898c-477d-b35c-5e135272a263','Fichier ajouté','Le fichier \"Rapport_final_effet_de_site_Casey Corner -Disneyland_v1.0.pdf\" a bien été ajouté à votre QR Drive.','fa-file','2024-03-27 22:47:32','2024-03-27 22:47:32'),('f885319e-b519-4367-8fff-3ae31a0cdff0','7e5cdd75-d1cc-4aea-94be-a7bb9e2a1896','Dossier créé','Le dossier \"CACES\" a été créé avec succès.','fa-folder','2024-07-08 14:46:29','2024-07-08 14:46:29'),('f93da7d2-829f-45d1-8713-10affbcb0a17','7e5cdd75-d1cc-4aea-94be-a7bb9e2a1896','Fichier ajouté','Le fichier \"Capture d’écran 2024-03-20 à 00.43.06.png\" a bien été ajouté à votre QR Drive.','fa-file','2024-04-27 17:23:05','2024-04-27 17:23:05'),('f9b18d54-d66e-4184-8306-44f7770ea5a3','7e5cdd75-d1cc-4aea-94be-a7bb9e2a1896','Fichier ajouté','Le fichier \"Capture d’écran 2024-03-20 à 12.02.43.png\" a bien été ajouté à votre QR Drive.','fa-file','2024-04-27 17:27:05','2024-04-27 17:27:05'),('faeec223-eab9-42d3-8995-c60c5e4fea90','6957a264-898c-477d-b35c-5e135272a263','Fichier ajouté','Le fichier \"22032024 - CR Permanent SAFFOX - CASEY\'S CORNER.pdf\" a bien été ajouté à votre QR Drive.','fa-file','2024-03-27 22:40:22','2024-03-27 22:40:22'),('fb5a4225-40c7-4453-9bba-d8fc83f03166','f1ef8359-cc22-4c37-8f41-3d4698a70eb5','Fichier ajouté','Le fichier \"FANTASYLAND - INSTALLATION CHANTIER.pdf\" a bien été ajouté à votre QR Drive.','fa-file','2024-04-26 20:09:07','2024-04-26 20:09:07'),('fb9c212c-62df-4a20-b334-fa3af8e13a90','f1ef8359-cc22-4c37-8f41-3d4698a70eb5','Fichier ajouté','Le fichier \"170223 - CR Permanent SAFFOX - Fantasia Gelati.pptx\" a bien été ajouté à votre QR Drive.','fa-file','2024-04-26 20:17:43','2024-04-26 20:17:43'),('fba865ab-1ee4-4578-aa1c-6688f2dadcc7','7e5cdd75-d1cc-4aea-94be-a7bb9e2a1896','Utilisateur créé','L\'utilisateur \"bilal@saffox.eu\" a été ajouté à votre opération.','fa-user','2024-03-27 22:01:56','2024-03-27 22:01:56'),('fbda53c3-436c-4df7-9cf8-50ec36aca9d5','f1ef8359-cc22-4c37-8f41-3d4698a70eb5','Fichier ajouté','Le fichier \"PLAN C1 EXE - INDICE A.pdf\" a bien été ajouté à votre QR Drive.','fa-file','2024-04-26 20:13:55','2024-04-26 20:13:55'),('fe47a532-b1e0-469f-88cc-fd97152a2f1f','6957a264-898c-477d-b35c-5e135272a263','Dossier supprimé','Le dossier \"Julien Renard\" a été supprimé avec succès.','fa-trash','2024-06-14 17:10:54','2024-06-14 17:10:54'),('fe9534cf-6524-404e-b0e6-cb38f834f393','7e5cdd75-d1cc-4aea-94be-a7bb9e2a1896','Fichier ajouté','Le fichier \"Capture d’écran 2024-03-20 à 11.40.18.png\" a bien été ajouté à votre QR Drive.','fa-file','2024-04-27 17:21:45','2024-04-27 17:21:45'),('ff14f7a6-9447-49ab-8c3b-5b583f55fed4','7e5cdd75-d1cc-4aea-94be-a7bb9e2a1896','Champs supprimé','Le champs \"Test\" a été supprimé du QR Form','fa-trash','2024-01-04 16:13:38','2024-01-04 16:13:38'),('ff47e088-94e6-4208-a342-eec1f32e4b17','7e5cdd75-d1cc-4aea-94be-a7bb9e2a1896','Utilisateur modifié','L\'utilisateur \"etudes.saffox@proton.me\" a été modifié avec succès.','fa-user','2024-03-20 14:22:43','2024-03-20 14:22:43'),('ffbbdd21-b039-4ebc-bf09-22c41ac3689f','6957a264-898c-477d-b35c-5e135272a263','Fichier ajouté','Le fichier \"IDDIS230310A_RJ017_IC GROUPELOISELEURS_240215.pdf\" a bien été ajouté à votre QR Drive.','fa-file','2024-03-27 22:27:51','2024-03-27 22:27:51'),('ffe61474-7e00-4c45-a6a0-a163245e729e','f1ef8359-cc22-4c37-8f41-3d4698a70eb5','Fichier ajouté','Le fichier \"PPSPS J4R et BA.pdf\" a bien été ajouté à votre QR Drive.','fa-file','2024-04-26 20:14:08','2024-04-26 20:14:08');
/*!40000 ALTER TABLE `notification` ENABLE KEYS */;
UNLOCK TABLES;

--
-- Table structure for table `operation`
--

DROP TABLE IF EXISTS `operation`;
/*!40101 SET @saved_cs_client     = @@character_set_client */;
/*!50503 SET character_set_client = utf8mb4 */;
CREATE TABLE `operation` (
  `id` char(36) COLLATE utf8mb4_unicode_ci NOT NULL COMMENT '(DC2Type:uuid)',
  `name` varchar(255) COLLATE utf8mb4_unicode_ci NOT NULL,
  `created_at` datetime NOT NULL,
  `updated_at` datetime NOT NULL,
  `use_clock_in_geolocation` tinyint(1) DEFAULT NULL,
  `distance` int DEFAULT NULL,
  `address_id` int DEFAULT NULL,
  `is_dark_mode` tinyint(1) NOT NULL,
  `logo_id` char(36) COLLATE utf8mb4_unicode_ci DEFAULT NULL COMMENT '(DC2Type:uuid)',
  `limit_drive` bigint NOT NULL,
  `size` bigint NOT NULL,
  `limit_user` int NOT NULL,
  `limit_operation` int NOT NULL,
  PRIMARY KEY (`id`),
  UNIQUE KEY `UNIQ_1981A66DF5B7AF75` (`address_id`),
  UNIQUE KEY `UNIQ_1981A66DF98F144A` (`logo_id`),
  CONSTRAINT `FK_1981A66DF5B7AF75` FOREIGN KEY (`address_id`) REFERENCES `address` (`id`),
  CONSTRAINT `FK_1981A66DF98F144A` FOREIGN KEY (`logo_id`) REFERENCES `general_file` (`id`)
) ENGINE=InnoDB DEFAULT CHARSET=utf8mb4 COLLATE=utf8mb4_unicode_ci;
/*!40101 SET character_set_client = @saved_cs_client */;

--
-- Dumping data for table `operation`
--

LOCK TABLES `operation` WRITE;
/*!40000 ALTER TABLE `operation` DISABLE KEYS */;
INSERT INTO `operation` VALUES ('4908530a-559f-4650-8fd0-1f2875c8213d','SPIE - ARKEMA','2024-03-27 21:48:38','2024-05-15 13:59:12',0,NULL,NULL,0,NULL,1000000000000,0,3,2),('66080147-2225-47be-b111-442edd21bfff','Test','2024-09-05 10:54:00','2024-09-14 13:55:35',0,NULL,NULL,0,NULL,10000000,0,1,1),('6957a264-898c-477d-b35c-5e135272a263','SAFFOX - CASEY CORNER','2024-03-27 21:45:52','2024-11-28 21:37:51',0,NULL,NULL,0,NULL,1000000000000,0,4,0),('7e5cdd75-d1cc-4aea-94be-a7bb9e2a1896','QR4YOU','2023-12-22 16:53:41','2024-11-28 21:37:39',1,5,77,1,'ddeaa597-06cb-4a59-beb4-03f9601c74c2',999999999999999,0,20,20),('8a9fcfa0-26df-4419-b686-58a8a2e47944','Chantier 1','2024-11-26 13:18:03','2024-11-28 21:37:51',0,NULL,NULL,0,NULL,100000000000,0,20,20),('f1ef8359-cc22-4c37-8f41-3d4698a70eb5','SAFFOX - TOITURES FANTASYLAND','2024-03-27 21:47:55','2024-11-28 21:37:51',0,NULL,NULL,0,NULL,1000000000000,0,4,2);
/*!40000 ALTER TABLE `operation` ENABLE KEYS */;
UNLOCK TABLES;

--
-- Table structure for table `operation_module`
--

DROP TABLE IF EXISTS `operation_module`;
/*!40101 SET @saved_cs_client     = @@character_set_client */;
/*!50503 SET character_set_client = utf8mb4 */;
CREATE TABLE `operation_module` (
  `operation_id` char(36) COLLATE utf8mb4_unicode_ci NOT NULL COMMENT '(DC2Type:uuid)',
  `module_id` int NOT NULL,
  PRIMARY KEY (`operation_id`,`module_id`),
  KEY `IDX_71A49F4A44AC3583` (`operation_id`),
  KEY `IDX_71A49F4AAFC2B591` (`module_id`),
  CONSTRAINT `FK_71A49F4A44AC3583` FOREIGN KEY (`operation_id`) REFERENCES `operation` (`id`) ON DELETE CASCADE,
  CONSTRAINT `FK_71A49F4AAFC2B591` FOREIGN KEY (`module_id`) REFERENCES `module` (`id`) ON DELETE CASCADE
) ENGINE=InnoDB DEFAULT CHARSET=utf8mb4 COLLATE=utf8mb4_unicode_ci;
/*!40101 SET character_set_client = @saved_cs_client */;

--
-- Dumping data for table `operation_module`
--

LOCK TABLES `operation_module` WRITE;
/*!40000 ALTER TABLE `operation_module` DISABLE KEYS */;
INSERT INTO `operation_module` VALUES ('4908530a-559f-4650-8fd0-1f2875c8213d',3),('66080147-2225-47be-b111-442edd21bfff',3),('6957a264-898c-477d-b35c-5e135272a263',3),('7e5cdd75-d1cc-4aea-94be-a7bb9e2a1896',3),('8a9fcfa0-26df-4419-b686-58a8a2e47944',3),('f1ef8359-cc22-4c37-8f41-3d4698a70eb5',3),('7e5cdd75-d1cc-4aea-94be-a7bb9e2a1896',4);
/*!40000 ALTER TABLE `operation_module` ENABLE KEYS */;
UNLOCK TABLES;

--
-- Table structure for table `refresh_tokens`
--

DROP TABLE IF EXISTS `refresh_tokens`;
/*!40101 SET @saved_cs_client     = @@character_set_client */;
/*!50503 SET character_set_client = utf8mb4 */;
CREATE TABLE `refresh_tokens` (
  `id` int NOT NULL AUTO_INCREMENT,
  `refresh_token` varchar(128) COLLATE utf8mb4_unicode_ci NOT NULL,
  `username` varchar(255) COLLATE utf8mb4_unicode_ci NOT NULL,
  `valid` datetime NOT NULL,
  PRIMARY KEY (`id`),
  UNIQUE KEY `UNIQ_9BACE7E1C74F2195` (`refresh_token`)
) ENGINE=InnoDB AUTO_INCREMENT=379 DEFAULT CHARSET=utf8mb4 COLLATE=utf8mb4_unicode_ci;
/*!40101 SET character_set_client = @saved_cs_client */;

--
-- Dumping data for table `refresh_tokens`
--

LOCK TABLES `refresh_tokens` WRITE;
/*!40000 ALTER TABLE `refresh_tokens` DISABLE KEYS */;
INSERT INTO `refresh_tokens` VALUES (2,'c05ee4470901ab477fbcb7ebb0885e3762723a89999d0a18c58e40cfbf85beb30e2d372b533df82cb71080ff87fd9fcee529c522b8783ad09ae367a8a4688175','contact@dev4you.fr','2024-01-21 17:19:49'),(3,'538bd75ab1ed20768801d5684efa95bd30eab488c2bb8ff4c06efa8095b7540b9d27485072a27bac8cc17f5fb1ae2b584d6dc3098897ca7d15f26105ede832c6','contact@dev4you.fr','2024-01-21 20:25:04'),(4,'3316e5ff1fcc140ef0e3bba27341a9aeafdf25934d73e423d0be022f2e047a5b181ef5eb380c3d3cb4cce0f67269c47184d648af337ce735941182a229437e2f','test@gmail.com','2024-01-21 20:26:25'),(5,'f10c7c4eec8b296e5d6cb10f67214e36a8d94a42abe367accfc40bb5fc0b8000ff81b7cc4d4b0c973cefce8414fd141ee16f4808b29d906582cb0fbdedc2ec6b','contact@dev4you.fr','2024-01-21 20:27:02'),(6,'82da660f9406d6d001d1fe412512c24a422c60c9f704c27e826ce3aba98a4f0fe472731f79f63675624c2d70755d264a9ae678ab3ea2a3a9b1059141b79bc2e8','test@gmail.com','2024-01-21 20:27:42'),(7,'88fa857dd223c9d76bbcf4ca4839e628e19c3ccc6d38abacb03745637875de8b03dd614971370a5d830c9b23263fe26426968f803da0311491ffdafc0188975a','test2@gmail.com','2024-01-21 20:27:50'),(8,'3a1f6f8ef93d2e463bc8d85ffe2ebedfb1c662afc465cea71c29d9cf4c54b81ba50b5278d4a2104abde6e5ea66e704204627ee83a0b04aae470417deeb92c8c4','test@gmail.com','2024-01-21 20:28:20'),(9,'c494bc5472f5a94599deb24170ee6c9a1bfaa424be885009257a3807da672a3bdc86e933a715a59cb01a734484cb417c8a8b97e52b385785dcf1493f577eaa61','contact@dev4you.fr','2024-01-21 20:40:45'),(10,'f4750f745d78d6111e063de2e3eff0bd0502558aca1aabd4282ec79dbd42f3a04a8a85e4bdc1f8969ba7ecaf61b9bbcae6f893e7895386f6842b73c10aadfac6','test@gmail.com','2024-01-21 20:40:54'),(11,'7eddcc563dcaa3d97f136cc8ea8ad38f37741439dfb80055ab7281107ede5707ee730824bb0ef3453783652f9f951884bb63f70a60055ee453d019531967dffa','contact@dev4you.fr','2024-01-21 20:47:57'),(12,'94e5ab6c84d3888cdec55a124e9f461c6272355d99a161b7feaf28367193efa2306ca7c4755db606fe1f81ab864845353ee10b11b7aac7412e78630709732513','contact@dev4you.fr','2024-01-22 12:35:46'),(13,'3e963cbed35508ae5f0e519e5dfe14ffda5bf297153c7b26b290b088b546432f63f8fa750f6939babd4aa182657b9c676d1202f18293db875faed9f709ea03b3','contact@dev4you.fr','2024-01-22 13:51:19'),(14,'e20c1fbaa646a6d7745cf4cfe5325ab74e0d6d68e682cf123d6b76a9cd010c499f03410acb6cd077154e66e59bdf2328613c0133e357735ed47f4c66015e6a51','contact@dev4you.fr','2024-01-23 14:01:38'),(15,'bf169c6ed6d74e599ca96769062c0f7f984783299cabec7b57e8685bd006abfa147a41732076d3ca39ea8c9651505237a76c9b647857433a9ea6cfb6d5abaf66','contact@dev4you.fr','2024-01-23 21:36:01'),(16,'617560e320aac7c30342b6bfaa1a7f9e3e904d5f2cd5ce75e54cfca36dcc4b02d7b5d8754a56be38f5cd48adcfda59bd3449bb31a0afa60b57e40075bd392dea','contact@dev4you.fr','2024-01-23 23:07:41'),(17,'a8a14fad918978e530dbe06ed7f79f325c87ad5a9bb438bff431f8a2359e70e36f96041df5ba98b7eaceb4bea7c0d819a42a519357f7015f5a16468ca129ce38','contact@dev4you.fr','2024-01-23 22:57:54'),(18,'a10d870ae56c3c55e3d22489abf3062a42fede444259d34768ab0debdfc0083784d0229166fdb84e65fdaa2d29739cd19812b78f651d7ae8eb86e8863fadc8ca','contact@dev4you.fr','2024-01-23 22:59:25'),(19,'9038dd1c6d65337f209ccd100f55bcd41f023c229e7b2fb8b2bf5aca0d39027846c246e79611ed0ab0df8742f6241f2b1d67752415332f7527173bda9fda184b','contact@dev4you.fr','2024-01-23 23:01:34'),(20,'ebb3a96cdff99f8145835d120c51efada9485ac1093f4820526e0c5886b844884695a68c1e9fe6a5659a74333b50279d8e645620edac0b00ac78dad62a813753','contact@dev4you.fr','2024-01-23 23:01:47'),(21,'f5d9aec34122f67a5c5ae28f0a20a19f301b41a77c9a69936f82c267585c70b6999615399f21c68e529dd59b130e381bdfc0a2f018af2eed8a36457cf3a0d8df','contact@dev4you.fr','2024-01-23 23:09:30'),(22,'f0de6957bb198b641a4d027541d2916867f05f1af7bd649cf8b259febf8a8b8af7a6235058bc055501b24f784ca71ef325941832301022729a3bda012a515374','test@gmail.com','2024-01-23 23:12:52'),(23,'bd22db8d3ade73d0494aae11836dd2aeb5cb7ae88a12fc9af095c2ff1ddfd667f31196eba3e87da928121e0eb1d2c3d4477a1fa0220c3048f52ea6aee53ed652','contact@dev4you.fr','2024-01-24 21:18:25'),(24,'e75d2514fd59139f03a0ea845162861c2f0a80474583f6ca35c8c3c5501b6f054dc0edeea5aeee1ac7781c299bc44b363eb0d76fcd5140acd6b7128dadadb7f3','contact@dev4you.fr','2024-01-24 21:25:00'),(25,'c20bfd55ba85ad7db3670f105d0de85f100994f9545ebb916a80d62742f93e1541dd1246dfd88ff8c3d441983c0de9140000b7f641c2c6b2d86180a23edb4ace','contact@dev4you.fr','2024-01-25 17:17:09'),(26,'bf046f9c9e5339823a4fae10f9224880e6401c654657ab27691e63bc66a630dc5bfc6830d7e3328536327f86e192b2cee390cf4a026960b5469b6323b5ec3024','contact@dev4you.fr','2024-01-26 00:30:37'),(27,'8c812e31ec2bdea03cc8a2e299f933e6433bbe9262674b41526716c8d3e631370b64cdea69903450dbe54e78410099dd52b4fd2f5fabc00027a994c989b9a6e0','contact@dev4you.fr','2024-01-26 00:30:54'),(28,'f05fd90274966fab78da983af440d2d6722aba45412dd211edc3ba0e1d0a7c6e1c29ec5e78c7bc6d1e0249230b90f14554ab6d6fc97520523d6912c44741cfdf','contact@dev4you.fr','2024-01-26 11:23:44'),(29,'2981905ec37d920bfd2bafe532d3f006b1c9f20bad2fd6da6437d6cb63558e360fd8eb0fbcd2f3899ff801b38d71fa156a3062506674d9af877ba731cf83b0c6','contact@dev4you.fr','2024-01-26 11:25:20'),(30,'69ced976b91a966db72202ba2363de283072022c7983528979ea01ef5ff3dda3042230f03fbd31f0c735b10fd150195194067de812aab649db49f1986ecd8ae5','contact@dev4you.fr','2024-01-26 16:06:49'),(31,'73d65704e582d0795b2dbdf36468ae8429e8039502ed4f1acf0fe825e7b7bfab9705f5f6fb3a0ad96895be8e4651f46073a03feb7c28e5a0d4d43e82b26a1a3e','contact@dev4you.fr','2024-01-27 23:28:11'),(32,'11f5523338f58832d15a95a35a00ec6f9f5bdcb92d7aa6c29cb5ec73d47fb0062abf480900e6e586fe671a3e6591641d5d5ead6769209cfb7561d62772e95f46','contact@dev4you.fr','2024-01-27 23:29:01'),(33,'abd18bff0615156221a148c74576d688394790e4f70835018e1bf67f9bae851d8e34254c6d4ddca01ad67f79aa63622320c63fe111c50deb30299af098ef22d7','contact@dev4you.fr','2024-01-27 23:38:43'),(34,'62590d642d1893d69b16da0b0953f1bb91e4c05604ad24b5f84c5c9552a56bed19d530b0326dad8b03516d7c13f6bfbeadd85fdd839e00424a5b6c18e4bb6a52','contact@dev4you.fr','2024-01-27 23:41:44'),(35,'a1b73a9afa7eaf2b6b846738b0d70e2aa8ed743fdddbb2a0f284a1828fbc203a4017217d2a639666aa0d08e40f44541dc604ba13399c18b5209dbac68f17399d','contact@dev4you.fr','2024-01-27 23:41:51'),(36,'b509527b8201766797e2e8f31cce88fd70269a234afbcc0e8df0cd527a450765b3a6cd90b0daed1e7daab728d09cf955a056483b609c95834b71799ed803fe8a','contact@dev4you.fr','2024-01-27 23:54:45'),(37,'2ddf24b3e1c6d26e1c4c46f62c4d88982e7e9ff303d20867e44254e4f2ba38543c6a5e74d936a4f22e0dbbf9e0b8e95a22bcf258d324ee41575e4bbf3f2f1feb','contact@dev4you.fr','2024-01-28 22:23:55'),(38,'c6420fe4ba4a034d1fce51b4cd7ca8b284283d9fae231c71066d9ce49e894d0473783014b00d0a1e8d9208c5bcc4ff19dd7c02eb3a9aa5a2afd1539a22ade024','contact@dev4you.fr','2024-01-31 19:05:13'),(39,'ee2f2ab061b04bd9fbc374f7ba515fbdcd45db7ada545fb7dddb24bde6c28eb67b13b17bbff60ea294f6787ac5058ddf2decc01f411a689c8351a0a03c1c3005','contact@dev4you.fr','2024-01-31 18:51:51'),(40,'4f052372aab773ae9cededa8ca7a6b5abb954287eb2319a932243acb6b20c317bd65f8df6b93c68a55a4f9a6865642ea737b33a7cd46ab7d720043e54e534cad','contact@dev4you.fr','2024-01-31 18:54:11'),(41,'f3ae10144926bcb30cc0be28f8178e978d4b11982d01033617730f64a9a5451cdf0e440efb81662b67a139288c8f8fb7c6647c4c883c47f9e0ce990b80e25f57','abcd@gmail.com','2024-01-31 18:58:27'),(42,'2845b001d75e3fcccea39683950569d030d74cf7b56eca4078a73011184c50902a20ffc46b871177288bf4c7f0163581c9e8671a1885b2300d4fa3058c4d0f58','contact@dev4you.fr','2024-01-31 18:58:51'),(43,'c54995f9c905f212ce6e631a3f7452ae631be03c94079ef9d455e3674418209bf9ab2cc61c17a22636715a838beb9660c91303139f920dca55c9ab79b9c2f5a0','contact@dev4you.fr','2024-01-31 19:07:30'),(44,'35a07ff7d73d1bd61b081e8acc0c89dc4c0b4343cb46c4057d0e340e5758742ac9853e682bcf58dafad9e23b475995d40a159d67500309b228e678e4b3307086','abcd@gmail.com','2024-01-31 19:07:58'),(45,'cf7a0a7920e3f779fb5cd19cd23d46db8607a4796e958f5e15243e735c4f28ca4012da89f05655fba453718705c1bc4f4eb4e0e18202b309c2622418b0b2c96d','contact@dev4you.fr','2024-02-01 10:52:20'),(46,'8ad3f9bec9a6935d7c92df7ccc9f5cee6567963b9b14f2809294a076a6dd8116b84b99005ca88ce89ac74626b3f947aa2356e820f61c5f17a5f5efb4d63265eb','abcd@gmail.com','2024-02-01 10:52:27'),(47,'10bbdad684b3be8ff1a85a83b42e31e1e192d24cae546415c2a9d0faa25559dc6da0b0bce40c77c89b08b9ab96cbcdd234a07de5d92ffdb0c974b8e7cd6b9fe5','contact@dev4you.fr','2024-02-01 11:37:18'),(48,'567123284c085496e6493d58d969cbaee7884beee81fbb84745198ff8578b7710963e6b79061df811fa12407f60bac9880c808c954d3063598a7a573d0f2365c','abcd@gmail.com','2024-02-01 11:37:34'),(49,'512d061bd5c8a1ed7f5e77216c0906339b302ae51411da734448fa4f5cb40a7f50135e5717dbf7e777906f7720c1e93c7f7149049f4b67b1cea16657afb9c1b6','contact@dev4you.fr','2024-02-01 11:53:42'),(50,'96e1664fed34c01468d09122e6d6b9e6e4d2a91334ddd79781a4af6acb33af09d1b5f44c9bc657e7ffc68923486807320224e15814fbde3f583163c7c5db8e5a','a@gmail.com','2024-02-01 11:53:46'),(51,'1954e57dd75f889564de0dd574bae041aea6000e3f9ebcc3faa2aa32801eb0d2975b31743c72c2f8dc373fd0ec4e76cda5d5c5b4836bff1eef5544e2c590b602','contact@dev4you.fr','2024-02-01 11:54:06'),(52,'e2cba5c14e62a433fe3cd4b1ed8de52e55472020fa1ab458ae71bed80661e5c5bbfabf88dd95659dc047e3a34e77d455fe5459792d94e103e0bdcc4b46739097','a@gmail.com','2024-02-01 12:01:40'),(53,'41ecbf2fdb457f9054513f6c33c30fe836cee78deb890adb0f88585af18003c586042069a133d15e37976e34573cc2973a73c9295393dc2afc806c314fac0888','contact@dev4you.fr','2024-02-01 12:26:49'),(54,'4cf232623c0c81876effd0a9e7371cc4be4409694dc52db8ce885b3d11f46a4cdfc2cded43bd5ea44a2266c23ce4d443aabc05220510514a4e9520e7c295612c','contact@dev4you.fr','2024-02-01 12:28:46'),(55,'bfea3af2d53b21990209c8ddf19943d922c151f364ac35fb0a90ee42aa5d9a71a75aecbaf9406d902340de6f5585e9785a38c7ac0884889b0bc8acb42a34f858','contact@dev4you.fr','2024-02-01 12:42:39'),(56,'53b9ff0d3d170177cc90de3c854c6d1bc7746e84ba9d29a506377c7543f680604dd4bf728b287e88bb9d5c9de4c2bbe352036108aceb7d76ac69428ff4f416fe','contact@dev4you.fr','2024-02-01 12:44:50'),(57,'c8c39cae9c03378b887481030eaf49b4e480551abb55b4955a2f75aa6dc01bbf533c7e60ea2ac34e862b4838003e35c117c9fcc6f9af9a80e0cc57d0cf82216b','contact@dev4you.fr','2024-02-01 12:44:56'),(58,'d35223f5ae8bd6398e499a37c6835cf36ef6079f6ad94fca6e509faaeb331db89e8fa2167a464793e2924f88189422d9afc2c5e7bf028a2cde6d6cfaa943cf7c','contact@dev4you.fr','2024-02-01 12:46:00'),(59,'d7d141c226d32dfb756d4fdf8962120fdd7663d50a937cc8e140057f3322dbd7c8c185727c81f77e4b93f3fb67a0b444eeaf927d95dcf9737002837321e559ac','contact@dev4you.fr','2024-02-01 12:49:16'),(60,'a1120c22517d7e2abbdc3d452d18fc1af1460d588631497f86c34017c07993a10afe70f53213b7d302fe92967fee806cd0ef12bcd8c9d02ea5a5002442d6063f','contact@dev4you.fr','2024-02-01 12:53:23'),(61,'a19fcccd2d6c49059f4f624a643633cab5bcb050821fe5f4706f5d10041872992027fa8cd2e2041784aa555efe6e6ecb43fe78e2660b920770b58cbc825adb62','test@gmail.com','2024-02-01 12:54:45'),(62,'32e952fb12332b350ab81b5a18a1b9861f4711148d29559486d56fd6f6da1a6904b828091d297ea88881bd117fb15ae48a29244c15fbd55cca1b4a6479b2c526','contact@dev4you.fr','2024-02-02 20:34:48'),(63,'cd8f822402f9baf77213580ef2615c47ce96d9fa06180a876a1cbb803f158f4cbd6a5c06d013d41eff008bb2fc2b0d42ef01231f7c3564a7735524abb91c1a38','contact@dev4you.fr','2024-02-03 09:44:16'),(64,'1ba9c8bc2ced90b264f144297d083e4783e788975a95bc9ef956933735f536924a8c747329d976ef30bcc02ac2e801ece930894bb0342bdc2b69e11a50a2fc8b','contact@dev4you.fr','2024-02-03 10:17:32'),(65,'bf9ed51d08a4f7fbc3fad7c0e241f3a0af3509a6004b345e9bd42eb611cd728e91be2d6c027851586629dc65c7c12f7aeef2dd6442e252bb3b1b0a075632b4aa','contact@dev4you.fr','2024-02-04 00:31:34'),(66,'add6f1d81316159ba107a974b4c1df9872ed67b1e4b283a90e4fbf7fee94a715879fe9a883d8a1d62fe37c689aec8a58556734b8fb83042a1444c570f48f752d','contact@dev4you.fr','2024-02-04 15:35:38'),(67,'5ccdedb0b6f5bd2beb51b835cef47af0aef06daeb0e423ea4fe3044a31f22d555c9c951b677f19063bb2c615e7c12fc990e8402f69732e0f036da1c1b5fa7947','contact@dev4you.fr','2024-02-04 16:12:49'),(68,'9e02f1b708c2eb677ea27a58c4b0005a5560b5464e67a715469dbd85baba75a6a509c7344080a50615da78aecaaf2b3a91cba756f805f4a946c9830a995ec0a9','contact@dev4you.fr','2024-02-04 16:13:14'),(69,'459f7c6cd2a1865786e8ecd07b050760796c071bf9a9497c85c393a8a5e8a3fc11ec1413c6aff03438b37efa0cce56438c27ec06dc49fc4b6b692caae8501cc1','contact@dev4you.fr','2024-02-04 16:13:25'),(70,'24bd099afb406f4ffeccab6ba4501b3bb34a047515045bca822a856dd20694d0940ff1c52cace1f0fdd9af1cd7e79ace5e17cd152695df0baa9fac5f732a0dd0','test@gmail.com','2024-02-04 16:18:34'),(71,'7e60a9671b3204f1b7720b5d1b357b0f153c9feedb5c38e16bc6376b4975944b345db122322f1144ac8757f5cf3d30114690fbc337458cde128e1cc7dee7520e','contact@dev4you.fr','2024-02-04 16:19:34'),(72,'d8fa68b678eb0b2571536fa731866a602c7bfd72f6ef22ad19840eb93b7a6681308aa730e316ba4a8e1d861475f8bda032ed481b749db65aff0f6f4f735f2e11','test@gmail.com','2024-02-04 16:21:09'),(73,'447ed16758cb1848776907fc0e168401dc4e772df917f02d474dedac9a8af57de4465d5c99f1c06174b02307a0f78c116ff56cb52d6a4c4f72f53eea201d1954','contact@dev4you.fr','2024-02-04 16:22:46'),(74,'9f4859c2cf9fb3346017c99db471073dc78324bfad83bf3a549644006ece6fcd109c4dcc0c8d7b918434162e323a937ceed68739a484fb4f7fd3ac4ccc2ad593','contact@dev4you.fr','2024-02-04 16:23:06'),(75,'5c8af52e521b9941f830c4121ad1ad06039fd5d0773f6952b2f1560c7bd8a97638276b94046e547b01a8ca0267434bc8d0b07211b88fc73a37858e627ac8bc8e','test@gmail.com','2024-02-04 16:25:07'),(76,'74f2f504ac59cb84cfcb44733ea5779dcb938870662988d87771350d2d57daa1c7ce0309ce2e2a495c88de7c484b37252ed82eb63b27794e71f38b28fc3b105b','contact@dev4you.fr','2024-02-04 16:26:32'),(77,'a6be9a89dc86e9100cc39284a2e4180e2f22749154bcd5f71b650d271efa8d0194ad735640d3571b5def4260cbfa924c2f89d233e11d9aac607db65863073aed','test@gmail.com','2024-02-05 10:34:38'),(78,'624119251ec68981433000d86c08081111897c86ccf249f7bbc09fd25a8c7e72b49163c8d6a52f042378b68813fa26f4a39254faeb86beafcdbcf580693826ac','contact@dev4you.fr','2024-02-06 17:41:57'),(79,'9befbf46c0a7deb622a833eba565473d43baa06e6abab1f3adbbcdaa3f505692603bb6736b9a62dd913e4c6cd114165188daa05df3f9ed6fd61e7880d73ccb73','contact@dev4you.fr','2024-02-07 21:38:39'),(80,'86f3cea4533bf42a74156478e4cad3e10a6c980ac92f4cf3adc3efc1245b999edecf8f9807690ab27c6d59735fe13fd08f6fc14a4518b4f987eaef84ec8273fe','contact@dev4you.fr','2024-02-15 18:29:38'),(81,'47a577032695d81f7d16882bbb6b0a984106f5ff1c62503a877381b15fa54a8bfbe09eea009d9953c8be685c0dca9380279a0289b1718f6845d98d0b64425617','contact@dev4you.fr','2024-02-15 18:39:25'),(82,'8117773c6298cbc04236b0eab42228f2763eb91e530173fad8c75975c8828fc9d457a5bcb1c37eb4694147e1472c96dbf86710b36ae4adcbc9173dbe38b14669','contact@dev4you.fr','2024-02-15 18:51:55'),(83,'f8b2f091f3d72eded4bf604c9cc571d45512072bb7fb4edeaa43cefcb99e7776527277a7bba96c6bfb2e2b4ec99e10adc4a77c25915584f51f9f87dfa2ace6aa','contact@dev4you.fr','2024-02-15 18:54:01'),(84,'841a041900eb6983fccd6bcd123d84b4df92be6211ab114e070eb4bd243c17180c7e9b3a2ecf6bc6ceaa7cdcc316829874afd63a2cc797e5c29d07182ffbbec2','contact@dev4you.fr','2024-02-15 18:56:55'),(85,'59af0cb7fef63611f4e268aba4d78a72b500061a8edf385e25a4aaa9604d40d20eac20c20e0e4640100c631f59a051fefdabe46e4c1ae172aff4e74b50b5dce2','contact@dev4you.fr','2024-02-15 19:06:04'),(86,'ca3c38d027073f61fac4ee6f1562bb9561da8cd937a11d286f1270a60d8e1603d90580a9684a40dc37a2a1620c15499934accd1001c47ba3ae3c6ce4277a34a5','contact@dev4you.fr','2024-02-15 19:06:59'),(87,'53771bd3b9f284c61439b7e650f8b58025fe7249c2d4203bb9abb833d05b194083893adb456a90c495ce00cab4547015ed22956918cc29c032c55af3f281f15f','contact@dev4you.fr','2024-02-15 19:08:16'),(88,'5624513b9f34166e2818685b7042e42eb255499837d482e0676f3115139d6202bcf9586158b8a87ae6505d5a9e6392e9064e77a85af201b0239eebb5f8dea4c9','contact@dev4you.fr','2024-02-15 20:28:24'),(89,'a8e53df0c4a82bf1705c07f650ec24dfce35219bd9b12720a073edd9f191e30276323d3c57df1d826a2ea487626f0b563ffd9a8a67b66a508d11b68b8d04b309','test2@gmail.com','2024-02-15 20:40:33'),(90,'d6d4977716f64d973ae30b5dec7c8ba54df3ec8f39082b2ca4f834725eec0521891f40dd32f13c98f7356eca518ff7cf7143b707042249f97c376616139ddb12','contact@dev4you.fr','2024-02-15 20:41:06'),(91,'699dc4f6244773a8b703e5b1e609ace21f7e1ecd348f8590e0dfc705296bf4cfae7d4aa70d3d865f7b136e0985816bfb53f328a7277000d146f534996f3ac1b3','test@gmail.com','2024-02-15 20:43:12'),(92,'c59dd486744bb7687196b937ba7510da2d423b741459ed8bf20840a647c9a6d012a367c9bdf308604c4ff097ececffbc25cf2928dd88d3d89cbfcefb71d51688','test@gmail.com','2024-02-15 20:49:31'),(93,'4cee3024f8a2ecd1aa1ac3df3e970895a608803a572d143612f5e5299f1e188c249272ca4f61749139ccebac809ed81ea18b97accd48ed05a05c8739adef2a06','contact@dev4you.fr','2024-02-15 21:07:10'),(94,'b62b2b14bbf00fa1ac9df6d602f116d8f30c7247a6ae7d507bc1740dc8ac1397a33c3d05cb5be6068a4cbc8938bc5a5cc0d673be5657ded462127008e732cb67','contact@dev4you.fr','2024-02-15 23:44:29'),(95,'8f72d15d557d430af9afa4ddcaadfc36e9c1ddd815fdbe8dd52cd5f6fd237d1b4c4ad3a5be28becfcdcc5e214ac88d854b1a9f6d2556747c104e7af6f22270fd','contact@dev4you.fr','2024-02-18 01:41:18'),(96,'cabccd3c2164897c055990c9c20cd138a843a18c83aae90cbd49ece40c9117eb6506f02f9985c3d2f3ad00575b63a33ba09328be39df67467378238897b9919f','contact@dev4you.fr','2024-02-17 10:48:57'),(97,'1226e305f1f8f1c5f5f8cc8160c6e2e8f3b638c092e6c3f3cbc2a0b4f9d53427e21045612199e44336954c87ac3a772f7316eb2277a11ff9f4cf64f943e952d7','contact@dev4you.fr','2024-02-17 12:34:16'),(98,'c17ea8cc5ba179dc2a89e25a9f7eb59ec52edb527d10eed867b85f6124ba7d6fe61af59d52995402df3aa958aeb1eac86840d93f034fd71c4e9c3a922607aaed','contact@dev4you.fr','2024-02-17 13:36:30'),(99,'cf6762be922d76b2d881d753812e0203537eb474e8adb538ab59e6bdd98d01df6861cec1d67ac042bc4003dabcc9582728ccfb9b99a53fe370f11ba234efe4ed','contact@dev4you.fr','2024-02-17 12:45:03'),(100,'4ccbabbc5a1bb0d711530953fa5e3206f49a991e3593cfec92e5b7686ca16437562dc9019cfe272bc5e6c1ee7a8346e41c93ff7cdef233befa6a850015e85574','contact@dev4you.fr','2024-02-17 12:46:23'),(101,'63c1824ac8f0f0c29d2a0d3a89d612c9d780148569feddaa70a3419c74cc882055e1f372baa8ca24009f3030ff4dd106d0ed2a00d13e8b3c3406f93b3d32329f','contact@dev4you.fr','2024-02-17 12:47:47'),(102,'4500890aafa028e1a899656f61754d8d1bfc5dd57388ac138820fb27f28dbbecc59c816f950dfc7d2e20cda8a24972b519a6d88aed554d066fd60bbfbe04d9d9','contact@dev4you.fr','2024-02-17 12:48:11'),(103,'1c5ad06f18a1af0f029106432c53372962095a2ac854e80f5e55e20f94680299b79ef249be36fa420399c31f9fc7d999b75f2a67e9d7e4198837f984d28f5319','contact@dev4you.fr','2024-02-17 13:49:16'),(104,'b48de8cccb2fbf208f908992bd182a1ba7ca045a853491933443563270e3b816e6daea5b06cb30f58bb2f5e2bcf0ab6a288044b086770d38cc4715cb7ac1c26c','contact@dev4you.fr','2024-02-17 21:57:47'),(105,'5a4502612ee1489f2adec028163aadf6405a18dfc4b3434a8545ba023301a4b02376338402a9cc85cc99eb0166437cd02e72981f732ac33eeff84ba102b43983','contact@dev4you.fr','2024-02-18 01:48:01'),(106,'b6ddeae0e7ee648b3a8507ce4e5f372d8a57e279dbee27fffafeb598a0b5c79bb31e3288a80665c57541f508034b63bea79c1dab6d4cfd5dbfcc9f36183ce193','contact@dev4you.fr','2024-02-18 01:49:33'),(107,'4d9e30361e7b1c4c3bc87e606f32011573c6004080e7b41275ceab4367d6fbec46474bfcaac11c7b6b97313c720fd9af20ac87ed34f48d2ff3342e81813f2a9f','contact@dev4you.fr','2024-02-18 01:50:22'),(108,'3a66c2c7f3a7196fd46bd59580f78a0e70487aa9d2e28a0a3b80f0b58f57d564242cef22713c5e3a6e4d8ea40dc63184d8ba48a9616610ee9838d9bd4acbf4a5','test@gmail.com','2024-02-18 02:07:36'),(109,'5a5986d55f6c089a6bbceee73922e8b852c2ba0c4d580137fc7f9cdfe1602ff2ae6261a9cbd44e1eb9fe41c4b0160e0fceafc1903e6600cdd90f7c3de1714b11','contact@dev4you.fr','2024-02-18 02:08:09'),(110,'a2e1cb48cac602b78d812631ee228c3bf017d2d33805759580691efceaa5b58a12e8f19263aff11ce59c8e4ae06aa82629c7f12549dbe90ea9bbe0d0bfe6239b','contact@dev4you.fr','2024-02-18 02:08:20'),(111,'a29ba261da92c34f2762185b3b216bbab17cca1a005936799ae03f2742b3d8e2ae15f8e680cbd374048cf20dd91e677c5002076cb86086cb64e15fe2ca3969fc','test@gmail.com','2024-02-18 16:02:45'),(112,'4b2e41c0d5b70eb0692d55803f61c697574454aa950ee36018f5ee03a6214a02574a406eb84c424f88e055a5d6afba640f5be85eae9c3fbce3459defc38ed436','contact@dev4you.fr','2024-02-18 13:02:59'),(113,'356776bcd4c81feb2ed75b1b246d878072837b5deb62ef88e5faf6fe4dee47f6378e55bf4f27265511439615c07ae2eb9f9ceefd2fd6be683500b2b9525cf05f','contact@dev4you.fr','2024-02-25 12:00:21'),(114,'f0dfd387c4a663d1de57df7fa90757cfd70106b5978a78fe753acd5040e122a9e9f5e0b54b9c6a37b86c1a5c916b801615051c20c5b2f31e2b7755157ccf768d','contact@dev4you.fr','2024-03-28 22:48:21'),(115,'d4ee71aff9e791c7ea0c87f19c2bcebd4f9674e2b6c2e5efbb0f48e105f83d83b6f26506321e5601dcc3fdd1b782cce937adb1fc113ea376aee3b407807576e0','etudes@saffox.eu','2024-03-28 22:49:55'),(116,'1077e0d382117dc455b0b37b67f0b8516bd4bddac894342485efce597490ac7ec62183d4e715736a82036cc7fec0dbcbde67a0ef4d61a88d9242b50974932dc5','contact@dev4you.fr','2024-03-28 22:51:23'),(117,'2eec89b81afdb679e54cb4d11aa1a42ceea4bb3db23a42393046f7dee53646124c40670c5f33bcec1fe6b45d912750b1f5d4e003e2edd2a17315b4739e5a435a','etudes.saffox@proton.me','2024-03-28 22:54:29'),(118,'fcd957c13b017e7de81bb1474fd4cfdaebc2917770c49634c5f64ede717dbf13217242541aee84bf22c582a3e7a528a8ae59b77c05bb24eb2ac1a0e9e4d9c9b0','etudes.saffox@proton.me','2024-03-28 22:56:32'),(119,'7e0f9d2ba2b441c7f4db27888e9c6461e9e598623e2c8848662e9e6e7f13419e44e7f7a50de2fa5ff3e7328a087c5991fb2317f97b340bba125f38df209955f9','contact@dev4you.fr','2024-04-12 22:54:44'),(120,'a8d88c316ad1a60b97381b2f06f3873510d0413ef8d5e87482f0a117f51736cecd2cbc2b62f892b6e9d3a198d4dff46aaf09ad92802ffcf6f257018851fc1277','contact@dev4you.fr','2024-04-13 18:50:45'),(121,'53db20161360713448b838a50d1a573ee533e48b8120006a11ae8dec9a6f76445f01408c00e1282b9a29636ae918fb293fb6c279aaf853ae591f4c0de26a5e5f','test2@gmail.com','2024-04-13 19:05:34'),(122,'aa8480c7e8ff4b42721a4226f6f9e0c950dacefc6328014f68e3a61ad88efae4ff98f6237bf98801909a3db1d620ce01231c2763471519a3e8d8cf375c4befc7','contact@dev4you.fr','2024-04-14 10:07:57'),(123,'fceb17ec3e64b31a319bcb95c074917551130047e4af767bae7414643df0a9375944cf63b0d7840d232f7b611acdd3e9fad8c728941ec67c92d122851cbdb957','contact@dev4you.fr','2024-04-14 10:28:42'),(124,'9dc0ff89b9c4d771be85cc8d23861a560259a51e65848a128b9124b93a7027a4c9db6e96a31d742f0f243fc3f715c2953a0dd59eb6188dcb323b8fe5ba3d71f4','contact@dev4you.fr','2024-04-14 11:30:15'),(125,'1a6be484109bd74c91fe515c04e863b2e489c403a0afb22f71844899d8d4bb5777f91e70ba7c841f8d85ac48268d5a4905b109098c7ea8b2c256a52960373b91','test2@gmail.com','2024-04-14 11:40:25'),(126,'16a9e7ad054b702bcb14c81740657723f4d8eb9f34014572f97fecd69d7dbb7e9ab680ba1698fe4a3af60db4996f35128c7aa19014ec2c00f1f0ef38e02e302b','test2@gmail.com','2024-04-14 11:40:38'),(127,'8dd446d2a50b5b5558a4d9a7a8a5e10f85e88c548eb0bebc4213cba81b392a1f93a670b6294bad82ace59825fa51450c68c227a9e66f4cf651cc2002895a29aa','contact@dev4you.fr','2024-04-19 14:20:10'),(128,'885024aa731e2ebbf8f64e495672e2404511cdc991215fc5de92d945d2f4395132a46d956f0c0fbd996fabdb775c281f6e96428ea2fae2e05e3c40e7a4b2552a','contact@dev4you.fr','2024-04-19 14:20:52'),(129,'f8a4a04caa861372f98435ba151346909e20bf1c5d9241980357a89c4ba496d6fd3b4a1dc931a541781e5aeff35c694d1400a1ec1702653ba377af2c97a1f580','etudes@saffox.eu','2024-04-19 15:27:20'),(130,'8d3a16878bda7d9a840ddee2264e549034c3512dc5a4c8e4d906481bb71892a4c6a7410f2f79298bf7fc5ac149323f0fdc5629fa0e10c3082945281b6e2b7b55','etudes@saffox.eu','2024-04-19 15:57:09'),(131,'2f039706036ad4e0ccb3b8cd52e2395bcd41b0207caf36b8c8fc5cd39d45ca7c4d5cda98c643589437c45c70ed27cf1b152170a6015538985c9f323903c6ce5a','contact@dev4you.fr','2024-04-19 16:01:39'),(132,'ea7c92ea3575d5e9ee7627b411b0684fc346d9f320db5469a3db4a1c8239dea3d3766ad8e4d07772ce2769e2f42d1d0159c6a41c3419f070afb74fffa1e0ac09','etudes@saffox.eu','2024-04-19 16:28:18'),(133,'75d558545ac2da55c84b0e0c955c59167c0fe6f610082b229e57682ecc8d4f591b61d79ca285be824fa4628b151bb438a42d13c4521ad4c59ffb43dfeb74b75b','etudes@saffox.eu','2024-04-19 16:30:24'),(134,'a0ed5eb01ab7b358e16a4c65281124e6ed531f3a3963fed724af5a454580900f42d8818789d43033398ade0bcc8965fe428916ee86884c54a87551579342482a','contact@dev4you.fr','2024-04-19 16:31:57'),(135,'0c4ec2c1adb7b2bec43dc22cf4d17c4fd54ad0f69fd7a2df2aef608b10bf01031881ea237b87a0a006c4cda75730f881e4f2b7944e5659c34334a9e030aa53f1','test@gmail.com','2024-04-19 16:32:20'),(136,'ffd145ace92fd17fd44d8396b93f1c5a97637a32abd2d474e3a2740b661a925139e215e299e5145b79f58b24cd00ec4c6427b950341411262ef21d13e51630a7','etudes@saffox.eu','2024-04-19 17:50:01'),(137,'6e997c2349ccad025ca81ce965630ee71fa652cefc2ea0d4dcc8496abba703fa325ad3eebce83af4de1145b5489ebabae0ec1a24c6536c053406a38d2b5900ec','contact@dev4you.fr','2024-04-20 16:21:35'),(138,'61df61df378682048522006d26978f68c05b223025e79f1a95a585570265c86551b5b0a3c3ce6c6ae580ddab3fcfed0892cf54c580e5eeaf779bdb8e238fd05f','etudes@saffox.eu','2024-04-20 00:25:26'),(139,'dbb1e16db5c94e8f3f3844b66aebd1890483f44f9776104c37db8846a9d9eecf7ae0c439ca99aa2be229c23a0a5cc80a08c4f09b67005a9aa6d752420d74527f','contact@dev4you.fr','2024-04-20 14:59:34'),(140,'e47c66185d40596f7b7dc6f952c0acb859cb731c450820784384f0b30a45d8a55e6e0c04bb3f209464aa5f555afc177d417bb22859af73bc68d32b21e6825ec1','etudes@saffox.eu','2024-04-20 15:04:47'),(141,'ff51c3c374dc30521362aa68e395a76ab9fe6d523f4ea6482086b0713990fccaa904b91373f6ba51acc54070ef661af5163b7cb0c5a1e390ea5827d47f732c0f','contact@dev4you.fr','2024-04-20 15:16:24'),(142,'f8286c08a6fa9019cfbe6e0b18f0063d52c54e3e18a6dcc497769e05f9ce36be8d95b45d693736af47e863c9319ab6b6e942dcad0b16f6ba38d33576f37a4497','etudes@saffox.eu','2024-04-20 15:17:34'),(143,'b859477ad58570a9456e8778ef375e81fd1c3a713ae5c8b021b5d87e4ee8ced3f5b0b4d5aabe77c657d0f9b26d20429794edb894402bd579cfc67833a89a61a8','a@gmail.com','2024-04-20 15:18:16'),(144,'91ae989bf748d360f622de66e0edafc174a4085d037ba70bc43847b8744e64d0bf5dcba8793d9ae7710d5d8dbe02c1035b51ed9319b1aa97c74f0dd0af95c703','etudes@saffox.eu','2024-04-20 15:18:25'),(145,'8d7319fbb6c38419180fa80bb0f5d31dcd7ec79920280be58dacfaa9030ed64ef8f9391b6200a0ee6bda8c04d4812217a3f09a4238b45e8ff38148003ff4476f','contact@dev4you.fr','2024-04-20 16:22:38'),(146,'a395c0585521bfd0c5df3bb583083e9d50753adb5846ef15528d66ca0ab949028951af158c7e20153f3dd3f6fcf882d3cb56432793d6dd28e013dfbddbc51a69','etudes@saffox.eu','2024-04-20 16:23:27'),(147,'ca07589cb7079e82b458228db83684116377014b3927e0549d1327e2dc8fdf95501aa94527c791eb8eda13c0013c5216d070589566a40c833bcd0c40f13b8664','etudes@saffox.eu','2024-04-20 16:31:29'),(148,'3136850a0f897d10150e5ded2c21e1c7aede2e9b5433ce46cf6c3eb9b5670c521636b23401e40bff8081338522b22db1362f594c4cd9d7bb7d53525764bfc572','adam@saffox.eu','2024-04-20 16:31:56'),(149,'95a60182551221b2c453a45966644f3292737e7cee029f6e86cf44b41c6ba1ce3ad72da72d066fbac0534e9b9074643d56cd22793eeb7a1eb0438404ab56d6ea','adam@saffox.eu','2024-04-20 16:32:15'),(150,'7e930884692b44bf004fff90eeb5bf5bfd8db48f14d95ee6ead2383f5768ae89aad42f5f13c29c59886d34bddebf0ede4600046f6d7e599ff31f3303f7a530ba','etudes@saffox.eu','2024-04-20 16:32:41'),(151,'57e6983f10779c6f85662d18d8af1a6eba467613724b61fcf381ae46135d265220360fb7de6400ab5246bc310281a8e8b21c7dd967ffde1fb262f3e252dcbc15','adam@saffox.eu','2024-04-20 16:40:34'),(152,'d0d2e7144ea08326fb2195c78824f380ccca1c8f2a68eb75d53fa13b8abe382a5fa3fae1306517491f4a5bc008b03445ededff07b3cbad0f5959222b896f018d','contact@dev4you.fr','2024-04-20 16:41:09'),(153,'60346b60cce84fe0b2cc68ce97989af1783dc927a1503764c8cf01919a6b29ecb821575180b34cb2c1ba7d553deb1cc723291f361d0a35a36a5ef16e42c32a38','etudes@saffox.eu','2024-04-20 16:41:35'),(154,'c1eea13feb4f14628457f1f4cf20bf5da1ed2128f0131b145bdcdf8475374fccd00cbea2a504a09af73e163b2fa9c325414b771f987b587f0e6e7caaa7c8d3e5','contact@dev4you.fr','2024-04-20 16:47:00'),(155,'68305e5dedaaf58c0c9a6d342862a0c60901e91f285ac5fdc3958b0f61abe516366d7819efa53c2111a7903fccebc181c34c35d92141d1036d2a21bcb5a31392','etudes@saffox.eu','2024-04-20 16:52:36'),(156,'0f117512fa4b95b42eeac8692fbe66aba4fb4cfcbcd6016ce41b704845b11313c70db935152d148bbe692b926651c307fee48fa4d0a0caa3fc5c9b620d9536bd','contact@dev4you.fr','2024-04-21 07:25:44'),(157,'e9d415d2c9dc3a1d333fb44a37c43f40dd0a81e732853e55e660276bd83c5495f0acbc774bf20a3e5eae4a92189cb59e738fc9d779289898dc454f4af2f783b6','contact@dev4you.fr','2024-04-24 10:17:46'),(158,'1f3d1710c2c85531b6fa612922c15d0d9596df6192396062c77f305c0b61cc729c6a44fc43b3a5ef74fab72f14817444e5929895d00130d7fbb57400fefe5eea','test4@gmail.com','2024-04-24 10:20:21'),(159,'5f2c892854dc9337c4f283d8d9841c1521c56d07cd86bb6fe600a1c666b30d56f6070263efe2d76b58085907933eaef916a6eed094e581309372332b61b7092e','contact@dev4you.fr','2024-04-24 11:20:50'),(160,'7a4b7d408a4103b28b1d3ababe1a5441d01899dfff7279f5077996235600ef81e9d0de7243c3d444f79ebf3ef441f3acdc59b0c27287a32d72598282112d6906','contact@dev4you.fr','2024-04-26 14:24:36'),(161,'8b127f7793b54fddd15e4862a1a5dc119ec1f32d5e186ba893efe1fb66fcbeda554d7b1b01f65cc89fdfc11975cb1541f2791e8b0725e672fdf0bf2780973a37','etudes@saffox.eu','2024-04-26 14:27:32'),(162,'475552595d119d60111b2050a20870a0906a7f9a89068889518349c78089677740f3190bb5456d1f7dbc4dabd11cab7a0eab99a25d817850e9b1e2c6406d92cb','contact@dev4you.fr','2024-04-26 14:27:43'),(163,'85f47f79bf274c0a8e8c300efbed9075d3bb95db325c521274eb9f6dcabed146dbf50b21faa276e518ade6169ad2f16299ac4e61cda72c8c144a2654c4bce149','etudes@saffox.eu','2024-04-26 14:28:00'),(164,'0e9d438d56751cf4c76cfeb4adfab1b9731eb6cbc5fc8d248d06c35ab7a1ceff2138b49dc7770835d96727a892cde9058ed0d261facc6a017718f0cdb40785af','contact@dev4you.fr','2024-04-26 14:49:33'),(165,'94b83f6da639c1692d33849a238b6b8d801d13766507ee6f310b8bdd14930a290b754f1cfabe2a79470a614b16b8d67fe2b9edb6135992054a44fb3de5d63f72','etudes@saffox.eu','2024-04-26 14:50:03'),(166,'b2fe30be571bf9154eb100773791b9ffabb3210eb1f57414e844560822c2c521ed238a83a006ba3a8c9e964067be1d78ea98c72130b94f10b5e3658518f9a7fc','contact@dev4you.fr','2024-04-26 14:53:40'),(167,'78a8f3a3dc4f5d294ca97b62ba29b665d0113ec2a7b473fa6d5ca6309158b5229145670e7821744e0a63360c5095203961e6c125f664803201a1ef6718edd08d','etudes@saffox.eu','2024-04-26 15:10:09'),(168,'b35287d97442a5a7ced8c559b427cfac12891f36b0b588e35e70d55b4e7891b0192cf35087540bb4b667a76bffa649b31b8a3438dd3f8d68e01e29b1cdd341f8','contact@dev4you.fr','2024-04-26 15:11:12'),(169,'e9b26db5adee36ce8cf2d21d6e88e9ddefe3b35b148a79107514d275a2101f8e48dc02d5082c4940092ba73b65542ecb64e6deaef14fbcd7ddd6ad48dfdca42d','etudes@saffox.eu','2024-04-26 15:11:41'),(170,'270edddc17ab036c75deeabbfc1b7e1b7ac89f557ab70c8ba4f864ea431ecf1dc8af6c0529fa862bb18414be998a745408751a5c1ef26ab73d4cf4ecc58f8fcc','contact@dev4you.fr','2024-04-26 15:14:20'),(171,'754d9bdfced98f7631b0f128efedb22b0653d853500aac9520b400979bbc8584bcc0410314179233f57fa3c2429e7c9dcc25dae915c4167dcb0bacfecc95bedf','etudes@saffox.eu','2024-04-26 15:14:36'),(172,'281930b17a1d73e84e7635f80034606e5aaf504a91f17db2f0aca9721f0e361184254b75f673f39eb9f73b9172cbb7eccbc894f4b55ecacd89ff573f8dbe9f3f','testmeh@saffox.eu','2024-04-26 15:14:53'),(173,'7a6d1110a1d48f3158b25e2e236489642e1acad1bd368a3895f9fdc63204b113cbdfd899252a2acacc2f628cdd1e777bd7feb2f679d9260c17d58cf7a535e895','contact@dev4you.fr','2024-04-26 15:22:48'),(174,'f6bcd536389b9854d6666bc3683f186b72c8cd2f9565104cc9b97c7bab63c9459be48c2bb069e1e032b5173fb0cfa0c7b51a82dffac2a93a210449cb25456339','etudes@saffox.eu','2024-04-26 15:31:06'),(175,'41688bf73656a1f39f6360560476b5a85955ee83b2a91784c2ad76219d5d86e1be7c58397d7565aff40bb95fb382d527e21fd2bdc294ec315e37b57c1cd8a0e5','contact@dev4you.fr','2024-04-26 15:31:28'),(176,'d3e714c4e50535502977d60dfb9ddb3a2e65e84ca0f19421e06372b98648b3afcc0573ec15d8b189d62bfaf3b673e8183e06ed56923ce60695cf404f7a5e64b3','contact@dev4you.fr','2024-04-26 20:53:52'),(177,'a9d38471ae1c1b21a9d595f1ad748633fda150aaea8dc9cd9c494b5fab1a020f010ddf412ad060e3f550b77f0250bbb76266adbe51fc5176bd8e9c64804fd63c','etudes@saffox.eu','2024-04-26 20:56:52'),(178,'294c3bac999f535e93db5f16b98a511d16dc99ff69c12bd253e65e6dce430e4e8ad5457e6317456060c3253e65716622661f36952d05bc1aea6a6f3758d3928d','contact@dev4you.fr','2024-04-26 20:58:32'),(179,'8aa3c86ff257373b1172184fb1b99c7711a5b3c160d8c07b3561750fb8cc62e7e3459c8f4830010839731fa61ad77c160ebf70deac17d23db8f1477bb8fb6966','etudes@saffox.eu','2024-04-26 20:59:25'),(180,'b3346c6e3fd40590be1bfafb574199b1b58ae53ae3e2aa6f29b43c7714b35eee35ca077b935b2423d0cda854298eaa99c0e51468abc552f7a846a9580f00158f','adam@saffox.eu','2024-04-26 21:00:12'),(181,'fefd8b67aee3064b70cc27e8c450e6dd89205c5f02a98e5b8ffe41c4ec5fe4dfe8dc8a8424717b4fc7f422fe4afa3ab8e2d6d1fb7b3ebef7dacd65392480a7e3','etudes@saffox.eu','2024-04-26 21:00:55'),(182,'eecb23306ad24d5f850baab237657552da5befaa1dc4982ffa6410e0d8d69f5f3947a080546d8bc8a40e3ea6cd1c8e704d7db181294852c8643d38ae2d615b04','etudes@saffox.eu','2024-04-26 21:01:53'),(183,'52688f8557a8027c7b3c6ac9be86c14979d8b3c2f4b7377e44c127e0e2e065e62e1044d029d8d168709853d4e57674133db49ee8e3726f6d33148b73b55e0070','amar@saffox.eu','2024-04-26 21:03:08'),(184,'360c1fa424855f345927e30f5f0b55fd63b2c4920543748bf2db2c4ba870ed31ea7d5f77954ffc6f384c18a6ca47ac04ec88dbca8984ffdc98fe22867926fefe','etudes@saffox.eu','2024-04-26 21:03:18'),(185,'71d8e4f40982ec0bba3b61e89f90cf88213dbb876f6c07361ed0d3faaecf141b6164a57a589a6e982f13edb7bf9b4e3c628c5833931c179d1781661effcfe4fa','contact@dev4you.fr','2024-04-26 21:03:29'),(186,'d6656e0f647a9c97c2718edf00bd6d1d755153f4a420418cc9b387e314f9f44d4613de67eba4998daff19fe7287b2733112ed857b6492ebee8165e50522434c6','etudes@saffox.eu','2024-04-26 21:04:55'),(187,'8952b1a6aa5a75a2c38713a41d6ee0643b0fd171a9615d4da41c9279363a8d055d2a0cfa675e787bcc53d3f6c63ebc1cb6e6ea264a497538a1590058404118b1','etudes@saffox.eu','2024-04-26 21:06:27'),(188,'cfc33b1df85cc89ce16510d3da466a638eb2ae3e1fe5183791d87a6ccb8136fc3cac5658e12c054b76152e8971b142223a984b447a6562187e72bf83ce655a4d','etudes@saffox.eu','2024-04-26 21:07:00'),(189,'79b1ab11dbc148ac1c13626969a935a249c93d5b1a78ff59851a4a759ca980124c535d378bdebd6a79fca1daba454e9af9d198c8e3d1772a5a81862395256aee','adam@saffox.eu','2024-04-26 21:07:29'),(190,'a26012d37870efe487e10629c71958150b3e2ee5322837ad1e23331f76cfddad69d2ba0f36444cc813fd3f29646592362dc1065c0824284f67071b1fd59c1c3b','etudes@saffox.eu','2024-04-26 21:08:00'),(191,'5a27400c07166b813f545d7f57d20364e7abc97f68b9ee37ef6e2411e60bf34a51df5af185e42c14a399226e0e48c0ce6d1eeb42f90a08e7b3a01daa4e6c023b','contact@dev4you.fr','2024-04-26 21:08:55'),(192,'b00597631c49dc9b5d388ff99aec19c2b8aa15fb90c1c0b566c8eda406a05447827960ae91129546b859b373cea34d0540056d9de8186efd707073f85d51ee98','adam@saffox.eu','2024-04-26 21:10:50'),(193,'e309a70e6fd6c614ccd1b056ae10b348ac0445e07d134585f1ded296601de2e58fc4d467d447272c0643a1c2745195ae13d89491e7a2605962a608e48fdd3f9d','contact@dev4you.fr','2024-04-26 21:38:37'),(194,'a7c51337de3057151a0976dc2e5be6990d545fa73dd01c9f1ea51851977e2e230995d7682cafb0747ebfd0b5ad59f4b3b7dd09eefeebdb9cede98821eb8e9674','contact@dev4you.fr','2024-04-26 21:43:06'),(195,'5ff626b0d8d91c125a5d8e54de92889baa2cc4b849984318d631a4db1656ddd28ed4583561a5b058ffa8938974abd6dd9f526286dd7c3420378e26e2e712b560','test@gmail.com','2024-04-26 21:48:35'),(196,'596baa2ce192f1ee2441ca18744414e73b9251f3652ef78c8072d2737c9bc10fc8834ab401e49f39d4df0e278ef45f496c919df8a0ed812a633ef579b211ce49','test@gmail.com','2024-04-26 21:49:02'),(197,'d1f18c5ec01ce57f72e17db16322704c6e7330ccf28662b04a5a3f0a96b6ea441aa22ffb265320c44896fc054a34d616ff8d08112389a24c1853c5a3edb60cc7','etudes@saffox.eu','2024-04-26 21:49:56'),(198,'4524d40589b43a5ea4ac7e2e21e9f520af20846482651cc3c0d1afae3a2d2dbc8b7bd9e19cf6179f5c9ff68f2e41a01cf99d1f8fc25c98da91a9a496c83cf181','nicolas@saffox.eu','2024-04-26 21:52:26'),(199,'5e85a5272563beb61e7dc3f0ad96874d3827f8fc9a4cd4fb70f2b90e97a870957fbb01f362f85c93544caa709c2ba531a830f537484bd19471cf5a2f4f7e90b9','etudes@saffox.eu','2024-04-26 21:52:42'),(200,'1541555ce320b9076115756668d39d57972576f3ecf30c22e410966ea939faa6241ac5b252f6fe5c08e0622684823911f0b055059e330e28a2689efc5fb3b5e4','etudes@saffox.eu','2024-04-26 21:54:43'),(201,'81cf11429a89626890c7883d47b839276bbed73e24287bb2b7c68f29fcbeb4601f17269db9bddc193f93e6dd9eaed7ebc5f1a98b662190c121f8c886c1ad8b11','contact@dev4you.fr','2024-04-26 21:58:05'),(202,'a459d01805825fa1cba4db7d6f867e47571dc507e887ae84b00f23603d09e8bf37421c222d9e3746b90a8a254a07d5a94b4f3a9851c82592e30cae03e06024b3','contact@dev4you.fr','2024-04-26 22:01:17'),(203,'5f149a519846e4a341469d5042f41a08b390972cf97d3b8f22f3d014b5f8fb17e421da59804d8e56bf9e54114a3b2cfd7f507690f92965bcc7ef03cd765ed079','nicolas@saffox.eu','2024-04-26 22:02:38'),(204,'93d71e24786ef820a1a3a98a9e409d7bf0ab827ff237ef01aef3b2451533c3e2d0d3566ceb4c78c5b145c5dd67bb7b9f4953054a8b7d0f24f4912742fddd676b','test@gmail.com','2024-04-26 22:37:41'),(205,'f1a1be4b46f21418c9babe3415a84c75f01263e1c2f792ceed99fe28d05b2f61b79396bbd4456eae7acd4c60f264cf44aabb780a1da8c66feaf7a3a22c0e2474','etudes@saffox.eu','2024-04-26 22:52:06'),(206,'73177f3fbb55c1e390eb421253d794ff7caeb0344504f77821ac0c79231a550293f11d1c5d2c9f684385815c947ec8e4840d3c8106634773b4137638f8307eaa','etudes@saffox.eu','2024-04-26 22:53:37'),(207,'3213341e18e6888e5bd8abadecf1754a2ea1cbacface660945dca8360f3c2ccce2f67b16ae16da1814b3c437def456cbb7b2766d39736b0e533bd061f25cc267','etudes@saffox.eu','2024-04-27 12:21:49'),(208,'7691009dba4b25081b3e729c175eebc672d3aaca9f256b83a241789259ae27d2e133542d5eb40992e9bcafef34d1865977280b2dad23063ec1fd8d52a5a4afe7','contact@dev4you.fr','2024-04-27 13:01:03'),(209,'3bfcf0f308f65ebbeddaaad9349afb50d78b0bf38fa4895f459abbc339f5495b15f3ae9f8b106f6d75bbca596e0199b73165ab1a23a5e81960e52b008adb2434','etudes@saffox.eu','2024-04-27 13:16:11'),(210,'17045adc3051ac84f0c5c0e1106adb0da87041cc99b3f074039880fb583a4d9f48d699d459e70de160e463d0db2426f14eb91947e7370b6a3ddff40b38597e8f','test@gmail.com','2024-04-27 13:16:23'),(211,'c6426ae3746ed52f1ca8f0e496b4d75ca0e7e62f5ffc14a53bd0655ec6f38e390419f088646a19a217114f6d41572e9b0f16d585036af3b9e25c6cc51ef43202','contact@dev4you.fr','2024-04-27 13:47:50'),(212,'deb73bdb956a82256beb18a8eadfd4ad9b2b7661f6d2bf98bc0cab07812305bc068b24176cb7d72f012552e74e6fa6a2b5190900c378e081f750febe1223b02c','test@gmail.com','2024-04-27 13:47:56'),(213,'6d401dc5cfb25849a2e2f39782a180306a627e29c01a670375e7ca17347baa66d6c2949d4e1be240574abe09d611f73e77a161b3fb988c8358aefec99c67698e','contact@dev4you.fr','2024-04-27 14:28:54'),(214,'6f2b97e87079abb655e145b3a1e03657a33ec8b3d0e86836ec6a186d0b8c74c76485b22c9768ad8b5c2281753ce74c5e6a5bff433d0f4ca52c99c84e1dbd5fe6','test@gmail.com','2024-04-27 14:29:13'),(215,'af320b40ce433f068b5ef10e3d0c2d06c3ec4ef6a7aef1ed92ad6e9d8beb0ce5a1f192cec2a43d30c57763538a1c2607247efc567e44d93b491a8e727c64048e','contact@dev4you.fr','2024-04-27 14:58:21'),(216,'b8e3304f5c52b5d89a93ead1f2f91a826fb1cb9394ac3368798a7424d331836cbb9c2a1e82eabf4ae5415a32dd553fe7e489424dc4753e3a5c0a71760addcd74','test@gmail.com','2024-04-27 14:58:29'),(217,'63a3c4f5366e8b7d04d6b014e1e0e8dbe6bff65729dcacab00acb0d90cb7c5d56a6d80d3434ba77609b3428e16e0a88300113a325e2686dec9a0105ebe911bf4','etudes@saffox.eu','2024-04-27 15:57:52'),(218,'4f84ce0a86b35c46024449db3789aaceed417daa5ce286f8dc9d9d1e139e175995a32c4f9dde0c38294797c1219b2c16ee890d9ccfae649477a15bfbcbe1b165','test@gmail.com','2024-04-27 16:03:27'),(219,'a85aa914227d9dba76ce16e5fe4d222809f17d589fa6544bd9fc048d364afb08f1738e53dd3a07d4263619779de00942e6d8b5e1ebc47f3aff5a57b74ae2a970','contact@dev4you.fr','2024-04-27 16:08:53'),(220,'437b32a41e04c377449501db826ef566cddf3fec55600641431154cf1bc736702b2413189e0da87730c227815c39dff12d03b7b6c80c1a45289666ef07300a11','test@gmail.com','2024-04-27 16:18:06'),(221,'d9c8ea68b73fe742b8e8143e828fa83f06f08fb2eb0626945e7294f0f5ebe62a906864985cf11916e4d25cac54c13c3a4783c2b3bc083e35a4d0fddbb4418c64','test@gmail.com','2024-04-27 17:08:04'),(222,'45e117ea633dc16a15d6e3df68e0027f1fc5d368b29b4bb1f10f51445a2550e6444af3eae3656bc7ce41bf0deed3977fbe5ae420861a099497c85ea0bd794892','test_user@gmail.com','2024-04-27 17:08:59'),(223,'c1afdb4d4f83e9b2c740b09f630ff8f1c2f204ed9832cff6a83c1f8e4a8786eb3a2a4c605f257c6e5f6c88995cf402101e86769abfb294d99463190f343ac992','test_user@gmail.com','2024-04-27 17:23:37'),(224,'ad5b636f144fa576af670ec3db22ab58dc1940e97e3747e7fe2d57b80db8b2550017c79c5fc95afc07cae6757d53751ea58031539336fa77c8003c8726a0721c','test_user@gmail.com','2024-04-27 17:32:44'),(225,'2be66e9fad7a08f30d084dcf26639a6c6aeb7c90f2134069ed3a03d3d068379a8400246ad87113535b8b7b50f03445b44cac53563b465bb754d9f287f7404a72','test_user@gmail.com','2024-04-27 17:34:52'),(226,'422821fb19cdcc0d49a765a6a882199968d13aa7ee7856a9fc79d8a48238013d1b05367bbac7ec9d280cc200fb10bc323cceb5880b11c1f12d1f465ce5cb5914','test_user@gmail.com','2024-04-27 17:36:17'),(227,'33a04d23780cc51f75c7b9cc184e8ed26079ec1d021c75592e5af633a4ab0af8c17c869338e061e90a6fee85c814f4b6b637241ce591f4c9b85689c3cd7a6e31','test@gmail.com','2024-04-27 17:36:31'),(228,'02b41cddc8e1c68f34fdd17213d1c33ebe35f481879a33ed3ec215409225d4d415283510ec1ad7e2c2badac96111598fc33045dedbe8b558d119b8b04225ee02','test_user@gmail.com','2024-04-27 17:36:43'),(229,'2501117378faa12e630741794159870facbef90633f2a02324cc01f59ca7cd1485f2db375b92b065532c23af1f07a6774cb50bc2c30bd9b6c3a58253b370aad1','test_user@gmail.com','2024-04-27 17:38:03'),(230,'350627cfc7cdc202363b93290f60060ed69f52e00fc39f58ad16dc3c7347090a40a472eefe570399eba8f7a425a71fb40da534bf6a9a63c47ffc2b3ca19bad4e','test@gmail.com','2024-04-27 17:38:15'),(231,'20aada4031c6dacc19d1ac0dca73358339c7c76f24bb1c95b9569e997d8c69ec698e2e97d55b383e799affb44d2c659baaa03aaee198086b123ce0a0679cc5be','test_user@gmail.com','2024-04-27 17:38:30'),(232,'2805fd94f4732db83a5399653c5d03d0dc16e8b76e17b1921114c3a8f8a56af412425a8c24098b6e5d217d0a0876085f79b43b03d3b4da3d55ba5d2f021619d1','test@gmail.com','2024-04-27 17:38:40'),(233,'715161d5e7d82de9c236296f678a31801adbfb2c75858b4cf461deecfd58a6166cc8302c24aeca6fef09f2ae42dedbff3b4998f31c4f7159545ff26fcb671f7f','test_user@gmail.com','2024-04-27 17:39:01'),(234,'4c166bb091568aa66be408ef675b89010d22af40f26ab9f4e7b0a83f307e9c4128c4b54e0754903ea4d36196427dce2f3fe0910b6a55ce36b6a0e7bd618492f1','test@gmail.com','2024-04-27 17:39:50'),(235,'560efbd3daf9f6e20105f439e77644dcad0a419153fd680e7e55150f99f9ba68e79d20522dda693d6a3817064713ead31f31ff839fef1ac372f34a5e71811e3b','test_user@gmail.com','2024-04-27 17:40:02'),(236,'63f7b0543e1ff9f5572b1d5b6f470d6e41343fff76ced0e46f61c8b71387cb71a9a977e12e96b324eafb0e235248fd04908f03081a31037e569a662596c42964','test@gmail.com','2024-04-27 17:41:58'),(237,'c2824a4cc26099b110ea8bc14620c4f3b0d7293fcda1c1105d767569a6416a3611f187c99ed8c719d373ad32fa3bd90396cb0bb4d1005405c2c5d70309bca510','test_user@gmail.com','2024-04-27 17:42:09'),(238,'10dfd6e2c8cedab683e94555b99fc4bd5a9260f928d04446d33b1c8b0ec7ca630d8af76732c4919a96f39eda470595319f63b985f7628b17dc941dc92fb7de00','test_user@gmail.com','2024-04-27 17:49:06'),(239,'873f91e51de1b1329061c51bd5c9f9bb4a9b454d616ef4146fa0a4d53f7eda67ced6ddaba45adc1ff47dd16c432b2db010ae838e3c61293403545d3bed536583','test@gmail.com','2024-04-27 17:51:05'),(240,'56e9801f64a5403ea9996ecf75c45ad1b1d34bccc5242943bbcc35ed7e18e7be6315374caac16fa7d6c31c952da632c76fa88f3940bf33cf5c34f239c7f7c570','test@gmail.com','2024-04-27 17:51:16'),(241,'fe9e91f92b020ec14bac245eda9f5032c52add23eeb94614a996059f5672844c9187208d9780c32ff665482fdd53649c0595daa3ab78eb9c19d8e64c1ada79c2','etudes@saffox.eu','2024-04-27 17:52:02'),(242,'7f32c83cdb9960faab19bcb4ed701b5e6a048d4c886ecaf9c2d060a538c06f81915cf550bb836558d40ba7e8b9f9cf4c766e622245f999bcdde7535a6a6f6005','test@gmail.com','2024-04-27 17:52:20'),(243,'8dd25096748bd355790de8d54bb8af4846698f72620a98c2262ce8d253a1b709e57895631fea9f247b4d9037d21f16b5da2f0a710633444b69b82bc3341b5882','contact@dev4you.fr','2024-04-27 18:13:58'),(244,'1e85b501bd7cda6cf942f77825bb0ea37793d2c4ecc2544dccb860d11fe27ac9c18b03d8b28d64de6daef864de7018e4c20c871d8d52929c58443f748a651085','contact@dev4you.fr','2024-04-27 18:16:43'),(245,'2c760e5ecba6240f1c9c62d11d4b53062a64a938b4d62619c74ca25a53564843416a0e41e829c45abb2f26331b5aa2a11e9f656bf1db72be172660a45dbebf9b','test@gmail.com','2024-04-27 19:16:59'),(246,'6b38920f6a332ef04dad620186d3fe69088c1b52627f6df766a839585e38f9844cd3f2bc654a0ffcbd168e98a71eeb795e5a792e043f929a26d83058d5a084ae','contact@dev4you.fr','2024-04-29 11:33:39'),(247,'6eeab253685673da667354e0c34342586626b07824057e944ad86cd72330eb32af5c03ff2d72253015763507ebd26c539f65c22a1f2ac5ceb7f516a6dfb0b60c','test@gmail.com','2024-04-29 11:33:57'),(248,'61b024a323687b04d76508a445dd469580b589201d110d593ff8614976a1418d53494f4aca8f46d3f4659f3716bb777d156a8a846dbbf57386b4ce7375e8a540','etudes@saffox.eu','2024-04-29 16:28:12'),(249,'d5426b9e2058cfa39afba42a644e75b6bdc1521b09afecfafe2f71a1dfa057dd36c51af78a8ec713d5c5433566aba9142476533beebebbf5092c91e3991e2494','etudes@saffox.eu','2024-04-29 14:21:55'),(250,'8711dd0020515594297a89d4a9e3c26d76e19e13cf504a16e5e2adfa06665cfbaba012f00da9fd5721bcff9837f6e7b7f578f758b5d70ccc3e6160938fa201ca','contact@dev4you.fr','2024-04-29 21:35:41'),(251,'a090f2f886795ab840fba0a2f5be3103d5a62c857e2b3cb03f387fc000b520b9a65e320074eb6d3f5a1398633995d3dc2d1a9b5ee14d46417128bf80e5802430','contact@dev4you.fr','2024-05-01 15:18:51'),(252,'0360069c756180d440f7b8256f88c6827baa86e5a06e72032e16687ed8258f51a99d8707203a5ceefd52aeb2b08b61dbcb62f75688c052754d6220d36902ad31','contact@dev4you.fr','2024-05-02 14:29:09'),(253,'98df18cd2ceeeaad4e4c5fa24f3ccc831dab250d0d94f77d962347f76df13d03b8819f57f5adb29672bd3c164b5f4515a5eced9698bdaf5f8b3232fd6155fef0','etudes@saffox.eu','2024-05-02 15:03:03'),(254,'0def38852b6cd0f644ff1412373773197ba654f1ceddc10d958940c8b7593c9e4b259d290b7382f722996f840dda7508e3b92b7de36fb311a7f0db91a0353564','nicolas@saffox.eu','2024-05-02 15:06:32'),(255,'75664ae60cea119b333763485083a7e6a039df0d660d498a48a97044598858f156350feec0406b13d95c517de83879196e973c53030a51ff96d3be3df854ecec','contact@dev4you.fr','2024-05-02 15:07:12'),(256,'a99ec4e4b22414337e5164a2c08fc64f121b221d03652050fae1bc65cc59797fe862eca47d0763b2fe200910b72e07f4c07180a2ea3a3dde0cf33fd8d5595013','etudes@saffox.eu','2024-05-02 15:08:28'),(257,'28b922399143b33b52d50b4f4fd6fbfc1c92c9a62f284ff19c36aa4841a1af4ee9b763811c8b8e5195c5d2b00bf6f51e7eb039ba3c6519023cc68ea52df53328','nicolas@saffox.eu','2024-05-02 15:09:03'),(258,'aa6465be4542905c7a1bca06d6ae94a213078136d9b1ca5c8512edd187a211d05a3e22dbbf6f8a3d3d0046fd4ee9072a8eb87385d8634f106a1b3424da3a342d','etudes@saffox.eu','2024-05-02 15:13:20'),(259,'00fd0036376026cd5c2b7150a9a911fb80a1fffc3885772bb055e428f8b248c1bc0617a258233c0e8b2535bbe87c5b102bc0fb161237fae56a0d45902f24c750','nicolas@saffox.eu','2024-05-02 15:13:39'),(260,'a7e07ff49f32ffef5382acb0cfb404983965c7f7ffa0aa1d3ab50d22174fdbd14b19e4d28e669f4ed3d9f42ca1cfc360289df95c0b2d5a8d51b9477eafb0710b','nicolas@saffox.eu','2024-05-02 15:14:00'),(261,'7dca806ba77132ebb32d9d2c39812264d54c7fb946925533fc62e1296e8808808b67589caae2f6f63087cb2f19d543e565b12935634a516456d7692550f067b8','etudes@saffox.eu','2024-05-02 15:14:16'),(262,'4ba9b1d28d23c9c3ac3f3589c7e04f864f1e6f9c9b348817f5a30c91ea1ef3597ea3f6ec6452fcbd1f1846ae8ffa9124f88e4f174dd2b9b6f488343168fe533a','nicolas@saffox.eu','2024-05-02 15:14:47'),(263,'b0f391679251c4a6621298f07a4178084ca3be3d4a85d95ffd95987579f6fca8698e57e0e0dd5016f50255f2039363253468679494131875e9b369ffdfec3291','etudes@saffox.eu','2024-05-02 15:15:04'),(264,'98a30d59999b2f92104376940c4a4c0af9a324c93d04df2845f90e1514047314a7ecb0536118ddeb90e0909c16b3f18297925e361d4fd167d3b06a06e3fdc248','nicolas@saffox.eu','2024-05-02 15:15:24'),(265,'b355d21342b01511c85b2b299cfe07b6831e1c5ef2581ba6e88f0b0bbb646b77bebcb5e314c28cb71633ed4734a6dc748dbce96204b07432d388ffcb666ba196','contact@dev4you.fr','2024-05-02 15:55:43'),(266,'f6ab936904103524b5b1c8e5fbfe030130cb4bb77e7a0c7dbb65d93361989b3e6af0c1db0003ea7340ca355b28cd14b2a4bc3b292aa6d3223a457969acdbef53','test@gmail.com','2024-05-02 20:54:34'),(267,'b79b72307f16ac1c5bfec325272ad1240401b0c97f6fc86936dc4d186761d2ff86b3d0af9dd91dde7d9e158a3290a15e0a2b11e3d79b595df810bdc2f03cb787','test@gmail.com','2024-05-02 21:17:52'),(268,'7a7cdf0e0ae5c37626e8ab8c45edc0145a53124eef1f77e87d718838cf141102126144fa34741254ae9d9b7138c989d62210cafcc0d20b0fe3f20213492dc897','test@gmail.com','2024-05-02 22:33:30'),(269,'4edb5c430599b405081814cc5d5ab85ae56e3759a0b13d0ef13480778ee84b3b97353332be2f470c985ce7cf393de0c956930651f6505f8f9ee03701ebbcca5c','test@gmail.com','2024-05-03 14:44:39'),(270,'6db4d4c0d9d1a2ec10a18581a7c2b5c6f57c51afa4d1a6a112018ba79b42a61cf93131a5f6177c112b7b3367f25f115959ec9644c39b8e16b44b82c6c7099bf3','test@gmail.com','2024-05-03 14:48:31'),(271,'a5ef32a889dbc67714537e4eaac190d263923b4256405c693d0a60b28c8b632f309e090d120266a0eab6bd2dc328d09454836657328273733c02ca9e83fb44f6','etudes@saffox.eu','2024-05-03 17:54:18'),(272,'67d8b8ac0cdcc44052984c04c7ae5adc66f7c6f11d4f90dc3f6f6fabc20c485a3f54aa80d86e57aaa020be9a6d70a715e657410fa5523aa1c85ec1094e56302f','test@gmail.com','2024-05-04 12:58:42'),(273,'4567372f32a1308d71f5839fdd85421d814d7c394190b472d3d4ae1f4cd8d72ca74dbc69af7c4ba7ff6f6a9fc86cf1382b925b210acf757208d9d86502bfdcbb','contact@dev4you.fr','2024-05-03 19:59:47'),(274,'df77affcfb78194e2bf1f9728381816228865b2e51aeef1f13fa0058bbfee8cc68600262a262b0adbfbcc79509650a161e9f35ce790255961e579cbfaad27916','etudes@saffox.eu','2024-05-03 20:03:26'),(275,'0b0fea9a7f6eac8587c00a8a83b4c474b28622aca610c54df0643f1c9b3ad4b2ae5668ef704c0d49390cde8ceda639c8d8207fd33216dd8a8d71450283cd52a5','contact@dev4you.fr','2024-05-03 22:20:04'),(276,'26581e47820a0fe9e3685f75b13e9b669b4c1163f845d72abad6ebab1fe0009ea1f7effb0a06aeb2d57731ec2964fd7bb495f2355b49d77bf7d67edca1292a94','test@gmail.com','2024-05-04 17:05:13'),(277,'814825891065bbbd0976c9a0057e6a8c1b85193ac6ed205aecb79fd0fcc69e01e5b784153faeb5ec3af3e032d8cac86f062f41f2826c0c58d3c764875df4beba','test@gmail.com','2024-05-04 17:16:55'),(278,'c9c0159020720190ad22401abe7b255a420de153149d2d38d7c9ee50c6f1dd14d7d435aa8fc27780965241514ee1ddc737353e0fb706331549f9f18daeac0d9f','test@gmail.com','2024-05-07 12:11:16'),(279,'3321f721d71764fae04ad508fd52a7f3302691c99f16a31837ee46cbd6034e9965076d06b51aa6efa0aa92cf51ad57c9ce8306a063bd793a67d8ae836d2572a8','contact@dev4you.fr','2024-05-08 23:25:31'),(280,'c121dca52f7c8695a74fa08ef8567ca713923629022b903c19b1d4301a374249b37b1e9b367a07d84ba674af04cb3dcb022dd57c9b7f9247d08dedc324e40ffc','contact@dev4you.fr','2024-05-11 12:28:29'),(281,'35348419c42edba05e23617027f326173e28b8054fb7072f2a3415b0bbbf37f52dd9ef9a064271a0c468d6c1993cc33a187fbe5f71726f5c26dd4188246ceb29','etudes@saffox.eu','2024-05-11 12:29:21'),(282,'24b3c9943ce8b2f5f3c9b549ebc322bbc1a5f5495d9445ee0d49aade44d78fccfd0244bcd48df84a145b673a73adf990706aae5e2ec4e8f7a4e5c493a4de0c67','etudes@saffox.eu','2024-05-13 22:49:29'),(283,'de2ddcad582fb37d5b836e47de97edffad7662fd89a22ca550e5120aa5ddee8deb6fd035a76eb88eee2fe5d603bd5480a82fa3f80ba423bfaa1841a499a2bb99','etudes@saffox.eu','2024-05-13 23:57:00'),(284,'604cfc6a6464f6fb7d2b50a26787ee94d858637d52e8ba1a8322769551b749aac9c9b0e6e53a3d2b746c8bd95c517fb1f2b60391e30f3f965c9ad2235f9239a5','etudes@saffox.eu','2024-05-14 18:15:15'),(285,'3b88310ba6343fa15bbcc22b9b02c97c3a8040975bcd63643b860fd2f963755c8f8cb27105594b0fd08927b9c31f9105a16da017fa47b4e4b26d469e588cb0de','contact@dev4you.fr','2024-05-20 00:41:43'),(286,'11669b98602737004a1f325d67874fcc7c5749aae1fccd4dc63e3cf5a8182713675c4e9d276aacb3521331e6fc0f8e9f01a23b6d063846c81bf9d831d9b83daf','contact@dev4you.fr','2024-05-20 01:19:57'),(287,'e3a12ec2d724d5f8ee115b84227252ae9633d74e94109152e96eaa874c572ff33a4288ebef236a781eb1ec442bbb2e0511e5d8b8b02aeae51446c546c4435de1','contact@dev4you.fr','2024-05-20 13:47:02'),(288,'f7be7bf9026878e577d8646b01429ad130e01bfbdb7aee209938e82934226545955b9682025e46e09609a1b4c5eebf74e6fe537f8c8f77af4d76a7fb3761c7ab','etudes@saffox.eu','2024-05-20 13:50:54'),(289,'76d6c0c6b85461a2692ef77dfb7112386db231997117735428fa56b1edd70fcfa365c0d0f59f8b11dd76c7124d6d953faf3246e13940a0bdc2f2635a1be6ecd6','contact@dev4you.fr','2024-05-20 14:08:33'),(290,'cf056e5ee5c8b8a4949054ec3c46f67bf16ba6bb1c78ed5537f32d5900dc9d9b9331a3fa850d40376d8b85e43020167943317028baccaca862a869056dc6294e','etudes@saffox.eu','2024-05-20 14:09:47'),(291,'ea549e524d76c96df3ed98efe0bd10f4738adcf7b7cde0becd22f83bb0471469f2dc93c773b3f9dfa5203103bed4d22b6d25acf22f49cf54fe35a60003f525b8','contact@dev4you.fr','2024-05-20 15:02:43'),(292,'66211f952ecceda6a670625c9e0b9d35d45d9197eaa44233f35323ae3d70cd66579af2abb51e7faa0908decf8e8187db44dde5b2f246a30b42908efcdf94b82c','contact@dev4you.fr','2024-05-20 15:08:31'),(293,'f85669f04ca949f921cac21f77166ebc612963dfd15840e4897f2cfd191116ff6bb6f77092c46774b8a88206b33492f7a46accc2caf09a81c21e69e5bc4c834f','etudes@saffox.eu','2024-05-20 23:25:25'),(294,'b91bbf091c7de8691916cab0fc7e87768b0f436560e513dce60f0e633ea998fe760bc2b5dfc820ea69674b5000a6202da3ac9cf2b2f968896684e0fffce1cd25','etudes@saffox.eu','2024-05-20 15:13:29'),(295,'2688975896c9810a34d76e9da02dd6daa2b646c93b997f3de357ad643b00e64b27c65f270590e11f6b3661bcf3b3529dffce41bb9a3e419b5c62207f3dfe3fd9','contact@dev4you.fr','2024-05-20 15:27:20'),(296,'3840865b5f89c675831beaf14c4bcdfb4100c8a197b15435afcf0428b89e780bba3d59bd3a3820f2b8264e3163b82501744b4cb61eaf6a4527dd438c1384fbef','etudes@saffox.eu','2024-05-20 15:27:34'),(297,'25b807dbe90f86bc401a42458691c667768af00d65c7f112b78819db24cbf64530222032b4138761dc7fda707204de926120df209a45af1b3101be761eb4eb5d','contact@dev4you.fr','2024-05-21 09:36:27'),(298,'d5e9541b25229847721b2a171fff407083908af464ddb117556d7c56ea695322466fb51284817d61c7be1961c6c18678650a72256590765881ab462a6146af2c','contact@dev4you.fr','2024-05-20 15:59:21'),(299,'a30522a8e648bc8ba10545afc485215b278b749d9744d1adc3b4a8b60c44732d4e763ed17952d96495506377e7c2d6709944979c7c4f806d34fe1ba4b8f1df31','contact@dev4you.fr','2024-05-22 16:51:16'),(300,'264bb5ec46448c90b5a0a8c3fd02d3f39062be3627fdd5070e0aa379ce984bbf005a88dfa742bc7c245faa6393e64b279260f8c70dc7ee1e3f2c495117fa4c00','contact@dev4you.fr','2024-05-22 19:24:38'),(301,'7fb55232bbc0296be997725aa1f0d1447326480578df080a86f62c07bc42b706aeb2142dfa278c89f108b46ea08cf966f6f0061437ad2c45386463f76e3c04eb','contact@dev4you.fr','2024-05-22 23:22:03'),(302,'5e0d6d647e07aa7bfbc2134f2ccac50e7a348c3c4ebfcb172b554d7ad576ed7e7bfbe18365d137e415431d0a9e76aead469c4a91ec35c76ff4e0598088a2e075','contact@dev4you.fr','2024-05-22 23:29:38'),(303,'98e01cf7cb8e85edcc1732c69b45ac1c11f042152e028bef138827405389808e49fd44877a82692afd14d2a5931121037006debc416eb695e6f2de9ad139d42e','contact@dev4you.fr','2024-05-24 22:43:01'),(304,'cc329e09a41725282e2ecffbe319a2cd49a3d07c17215750f66f4b6ded4b45a22558828374551068f77d6d9ed544eb32dca0374c34ea3834e8676fd2be09832b','etudes@saffox.eu','2024-05-26 10:15:23'),(305,'82af08e8bdb055d4188b335fbd59687a48bf3d02430a0c812f49481266bbc9a09695356ef3325d907d765f30e1583adb800210354211e6f88bd819f7e9c44184','contact@dev4you.fr','2024-05-26 10:16:02'),(306,'185c14a397de0872eada7e16d7b34e962649b4f6bb5ca5a077df6782559b9a9eb1c99c889d3c44ee58b70bb188024c9368bc2276ee1902ad2676468549956e69','etudes@saffox.eu','2024-05-26 10:22:15'),(307,'f6369a40a8fe6da68a0b5a8585cff55ea920889d94854686d6e19dc95d1f74701371a2f89e6d8ae64b42d6253cb67c070f5c0453238d6dd34e004ed81b7f4522','contact@dev4you.fr','2024-05-26 10:33:58'),(308,'1562761a30616439470d92f803fa9043334d8c4f100f86becf57298ad8301b1aa6ce76fdc29ef40ee56409ebe7536862621b11ef3ef8ff70929925dfcf5828a9','etudes@saffox.eu','2024-05-26 12:34:40'),(309,'29fc33dde81f5bf2deba3e78b2cb9d2372d0dd28ac66721145d7386bd7aef1a6c05d814bfd3866dd10dff5e81695fedacf12018379375a34b356f5ac4201cb0a','contact@dev4you.fr','2024-05-26 11:37:11'),(310,'d29b19378824c802a8a48d9d420ca6bd095fa5057e4c368463c40f6b312f2d95dda057876ab93540a0ab22c1a6d38105e55f3abc34eeb1828f567f4a0f8b932d','etudes@saffox.eu','2024-05-26 11:38:14'),(311,'df42b4b74b06108452fa9d842c1f25b256be667db049b698be1b4529c7b6b36d064607b53b2895a40df2237717276890042fe9cafef45f072d083f2315581b25','etudes@saffox.eu','2024-05-26 19:41:51'),(312,'a456865ef0737863787fb40e1022eab3207206c10bc61fe1673f940f9917b718070e134e850230cbf1d0a44d84e1ba19ff7f6f3e34d425ed0dc6cd3dd4d5acba','etudes@saffox.eu','2024-05-26 20:28:10'),(313,'3a5fd36a131ea72819d432f222628fd72429962a77bd496b0c990059e50d557c103c5841570d65f06aaa340b07164b739b977ed84fb5cd2c02c87565bbfe9f2a','contact@dev4you.fr','2024-05-26 20:29:44'),(314,'a0469d8efdeb0d4e2e62d56310f99d8e6a22473dd33938d65f00d1b140d87d927d0f5b74c25cdeaf055807863cd9c9f4b9e8084aa1d38fc5faba0a05da08aee3','nicolas@saffox.eu','2024-05-27 10:16:04'),(315,'f7ec4cfcc3a451a3ca2223a95df7df455c342b994307bc7a2e7140f0365d4724e00a90e735036bee91a67d2fcd9b46edbaefccc22954bfc17699c977a050c036','nicolas@saffox.eu','2024-05-26 23:03:23'),(316,'38701720fd85f17e0b166de8f3b8749e88dfddddb70735b177181c706f9b6dd648f9e7edb304e28561f1ae297b7204f0350c67d6ac31856e354cb23375748cf1','contact@dev4you.fr','2024-05-27 14:02:38'),(317,'90cadfc284881f79263519223e3c9554908adc3695dfbd7f8ca5b1f677c0cfb1e5c5ad6db7854f611f9cbe7d5ab8ba1d545655210c08ee434f2043a06f934665','etudes@saffox.eu','2024-05-27 14:03:15'),(318,'3b1f46db0a07f4049fdf407b79d2792dc2b07d8e37668e5b7f819d284fe7728407b281c6cbbd0d21be39d6d4f92202931265d15bdef40440a887a43c1f63e82d','contact@dev4you.fr','2024-05-27 16:40:54'),(319,'d3711d3d5c2b29e2ece3a58af2a26349f1e29049e0b13f0c89cd73d9918086cf434a056437d82a78b1e9746e6fcce5356caa8fba2610866d43537afa034551bb','contact@dev4you.fr','2024-05-27 23:18:49'),(320,'22209735bd6915bf8607ffd2fada9356b01b63277b98af8f4876c86c631341b475745f64c9a733211d14659f8fc81c543f55161cd4da034c58b7a206c192b729','etudes@saffox.eu','2024-06-14 13:31:11'),(321,'ccbdb33c6f9ad826d502578616bc1f84b5e79321adfbc71d309787cf1c22807dad7003b78aff97a0509c7665f12daa40d15e83dd196bdca4fe1111832947c22e','etudes@saffox.eu','2024-06-14 13:57:34'),(322,'a82e1f4e0b74f635373b466a511e22d71d8b1120521c5af7a6887bb4175383f2eebe3dfffd0ed15545bd410f5cb2272ebd7e64c0929833b9774fc19cba43abe4','contact@dev4you.fr','2024-06-14 13:58:52'),(323,'048e51220d36972e1f22ce846efabd6781cd454644585e426cfd63270d4be5be9f9b0293cd097a0a798d51a9a2325ca5c11cdf63ebf8179bfc52838c2408b873','etudes@saffox.eu','2024-06-15 07:45:53'),(324,'8b64b1f25458982a81e54786e66e7a7ce02bdedce788005264dbc990e267f212b8be8eab1506c15562ad9ea29fae33d4d555bb12983af6bf32d3723c6289e785','contact@dev4you.fr','2024-06-14 14:37:12'),(325,'a34d6b65b32cc1254f6cf84248c0d776f21b0fec72d27f6275e7c147d3f67b50de3a83d2551d8abcae47757a0cffe3c72997be830f3723b5d6a1bc578c76b30f','etudes@saffox.eu','2024-06-14 14:39:01'),(326,'5ca57767aee3ec3fbd69b2fca93acaef6be1f2f865bb43aa7174943c2efe416c51248f766790ddea75ce99e6ff2fc61e4a415409b03360af279fd297b07f4310','contact@dev4you.fr','2024-07-03 12:55:14'),(327,'f3a91e4ccac67c73c4fa48dea903dd971f21270c4ed855cdbbd354bb33a0f88f0cd0ac72ba11f9aad3bfaf22aaa4652b5cf57996321f18f0532a9c5b9334eefb','contact@dev4you.fr','2024-07-03 14:10:52'),(328,'fc99bed961ff2ae7be65da886129ebf73be2bcd52e736cef5124447a13167802bf8d6dc12a17f8beb5bc58f28dc87f00aba732442cebde6e9ad5e23e2bea8599','etudes@saffox.eu','2024-07-14 16:48:52'),(329,'74b29fcf669152329630f48dadf8774f97d98c5cb60f37c70af9dd27722ca65b5ea0563f5777cbd26af6c1ed9c993cd9fd654337137d913fbb7fdd51f44cf103','etudes@saffox.eu','2024-07-14 17:03:38'),(330,'ddf2dcd21c2e584c040e208f4efa23a59fc07da8c52108ee21454a7f5417ad37450f0a1f6c5fcf3414b992ef3a30be59ddd2f18b00a0bf5b721f877b00e79c50','etudes@saffox.eu','2024-07-14 18:49:58'),(331,'076d0bd0b43d544f4278e60027a3ad0a78964a4e726b7938a1d8048587f33e356fda5037dfa4e8b94578f6baf61ba4285d70f9d54903124a1f83c2d512dc4256','etudes@saffox.eu','2024-07-15 18:39:56'),(332,'d27900e8f19f2af6cade4709d53f92b2cc3f08d1083bcf794b269c9a7d3ccfd120584d850563773fdc8af23162a2833105f22885b10e14183fa43cf311d2055d','contact@dev4you.fr','2024-07-15 20:55:15'),(333,'e20a741fd67aae49a1e6cf07291aaf96f8bbb4ee735fe9092267265f70808e5dfaaded5e1b120ae0393dbf4b2495fed4d7f14e2c398adfeff47847d37f05759b','contact@dev4you.fr','2024-07-15 20:55:33'),(334,'c185a6c42467ac261e06c9f969d33525eb02d14af5f06e9bea8ff02cf8ef742445e6bcc918c5ea190123631f3086b9224bf3c73e866b63055925433c12ee3687','etudes@saffox.eu','2024-07-21 15:06:51'),(335,'610a99595ef7d7524e761289d830dc4d7962df49dc8320ca56095503e464414cc1b73c0455bec8146c81a9c46e3f411d630b7e1bcc9f804b3a0c77e62258ed80','contact@dev4you.fr','2024-08-07 14:45:41'),(336,'99f0bd884ce4192915c20e8bb47dcc09d06cba8e8ba9bc467c82ccf2825996ccd25e0fb75bcee3fda7d8e96f6c5cea2cc0e9a5d9701bf887433552c40e27055d','contact@dev4you.fr','2024-08-21 08:05:35'),(337,'8831c0ed3368594a884e4315e996dfcbf3f82ee4ed52a6802184eaec93111445c3106cf62f76a7d1370b04c4594d6502f9b10bac5def6456ce22bbcb7b9665a9','contact@dev4you.fr','2024-09-20 14:26:33'),(338,'a615056eb0a0864bc9ab4c8fa49c709e8655dc199c2ee821b5c7382ef4148fa45310874b3809dae52b38f0f17b9ad83f305298ddcedc1f68dadb80654e17b6b5','contact@dev4you.fr','2024-09-26 11:00:53'),(339,'010a37c5df76ea2252c2c2917033d473f39239a74a1e61e95985adc743f3ef14b070e3d908a609ed87464cfde836adad76109b3220fdca32eb300592d62738da','contact@dev4you.fr','2024-09-27 14:23:44'),(340,'e0dd63eed2cd581aa5e4c4d6f774f900cdfc744c4f7ae5ed6387ed78b293cb7bde9d34cbd65d44a02c9340b53cf5d4a97498a85ea99db3c622cad972fe3de86c','contact@dev4you.fr','2024-10-05 10:52:55'),(341,'6c7dd38429a3b15b833481f4c76aa12fcaa84e0ddfe9e9fbd3d5718bcf14b381f7fc6478cdb3d9f903708621df61d3a991b736dc8461037c3ee74bb7542f0465','contact@dev4you.fr','2024-10-05 10:53:16'),(342,'5c4c0d73a9869ca4357354703a80436fc21f4597bf08bf294aa772a967989504b3c3cdf7257cde091bf58c86b7a4ddeedbb0784c3959169009c32238512f453a','test@gmail.com','2024-10-05 11:54:26'),(343,'e137063c06cd0b680bed790d2e7181f53757a9e10acf48d79674fb10e246b45f72a6d1c969b201fe13d55fad8a5b1c71a07bfa668d51be6909308f26fa93db33','test@gmail.com','2024-10-14 00:02:35'),(344,'d8e9d5479b76c0551442acad18586dede7c41495531c07f94ade29dba6552fad9ba2096e103e05e61b902f45f92d791c227e51b2696c1f13948034b459950a95','test@gmail.com','2024-10-14 13:55:35'),(345,'d862132c54399e0644d4b7e6da3ae54ff7d4ce36f6a71069dbd2fba8f1d7833805349a6154ea847304f66f1c978972cbf1ed3380fb58d57aa7a915e09db5c793','etudes@saffox.eu','2024-10-30 20:39:03'),(346,'88043c746640e193c8e14ad3212108a65485d3f4d53b97361fb7259e6ab26d4f7cbfb7a1ad179c68d4248335b8d291060ad5d82042e9c93a0c8e43e11c18bb55','contact@dev4you.fr','2024-11-20 10:54:51'),(347,'411013f5c870a32d0481efdd64f154fd64d55a7dec12749ed3f0de10d29dc37d52adf9a7fbe1be0adf762bdc6f06f2f037af50ae346f986332d2aff4a7cfc8a5','contact@dev4you.fr','2024-12-16 15:40:23'),(348,'d7a554c969aed2aa1482df0585aac43f7aec2977578e8170daa0c3200ea01c119de6220c91edebe52283bd13e12ecc1b4b55f08dd66471787e7d6e53cf903be7','contact@dev4you.fr','2024-12-25 20:30:31'),(349,'75e8db3cb2c10b0c7b1a9dfd0d25b2387836b95e302b9f4fb94468be52ff02ba766a76ef173639b36522194e939ac3bc0707115dd9a44086bd89cd1b763092f9','contact@dev4you.fr','2024-12-26 13:17:09'),(350,'eb93da7849c7719a9d8ba0d916ea3fb7d04a427707390edb6fde6158a949b499b434119476c0821a2e25f65806571989c9364a33ea359878320608a0e06e5ac1','etudes@saffox.eu','2024-12-26 13:19:12'),(351,'6998b862112c29e7572e5def963adff4de7908e53817970a4b517226edceb4ea42df49981d1837d5b69a7060ab8d956cd206d16a3ff36fa0f61c672f0bb0de6d','contact@dev4you.fr','2024-12-26 13:23:24'),(352,'9d3902cffccb56863c155e59382d1b8962f96d392b8fbb5fa84c2c6bbad7f962b867e67326260f5f26c50178d4b436d2dbd113bd3cf343e833d9795bbd3517e1','etudes@saffox.eu','2024-12-26 13:24:37'),(353,'d38cdde568e3bd4e0390e1733f6f117309dbba0a2fc610a3edeab851dcb4cfec4c299de109c707017d96d3a6a6315dd9269b2db47960cde81dde09a455c3fda5','contact@dev4you.fr','2024-12-26 13:25:10'),(354,'e707f304cc1c7574d7968f198b79fa12dc8bc12ad392148553a9134ea8ed7485d5491893768fd51247433d71995ab6a15188fbda6b5c328feadc37fb231f3a27','etudes@saffox.eu','2024-12-26 14:51:34'),(355,'6880aae3b40d62baf86a5fc735725cd0fbaff484b3249d03122c8dad2fde3b216fea8c6b596a54c21c3639fac2557cfcf42d948a368b3d0c9906fc0c0a037aff','etudes@saffox.eu','2024-12-26 14:51:34'),(356,'8ff6f323fccb3519cc1bfb3d7c2ac2bfd62dbd8bb6e667b2f92dc9f098174435c60277082fbd81f5e2ebc5f9422db300022969382b1010a40f596d7d0c3c88df','etudes@saffox.eu','2024-12-26 14:52:52'),(357,'2a6c9863c90fd09e6040b7f3bb266e0e81debb38e303fd6d90ecf72b90579b97419730b5cdd00ab53680367631fb217d2f1bd94ae416fae0e43108d39aaa4559','etudes@saffox.eu','2024-12-27 14:15:30'),(358,'687443948610806e45615f57f0d263a6c7b97d12811bf62202cd9dbfd130d9d9af6acc306d5cdd270eb969f9998d080b9d0276c5e02c61ed793aa0c7a9da0dcd','etudes@saffox.eu','2024-12-27 21:31:27'),(359,'4fe7ebed8242ba56226d1c5aac0a63a99a50cef0d5ae12ffeea28b0afcf3badc29bb8e12110f64fffba2f1127134fccf4b87a02d917ad45bcd920b783455524b','contact@dev4you.fr','2024-12-27 14:21:15'),(360,'159387f3266839b9beec410694120f58ac7deb0f89db258cf6be61d8296f86909ec062ebaa330e98a3488e6df5bc7a712dea24e0dfffe86aa6126c3964b1d38e','etudes@saffox.eu','2024-12-27 15:12:46'),(361,'876b0a30fda9e3008e1228c3e872b7242951241eb395784f8ae739a3d768f5cd407445605f230ca646d7a73ca8b2cbea0c9507e669dccbb03d9c9e49307c1304','contact@dev4you.fr','2024-12-28 20:12:47'),(362,'ca96638d88e714b96e02db719b8b89ee8170b5371e197faa2b15087b738f8d16eb87845872b32cd9e858ff9f18e7f0a3978515f729acb94a836ca04b124f3489','contact@dev4you.fr','2024-12-28 20:34:12'),(363,'b1bb9bbc44ea375bf56962764c286e6a72113fea15d63947be551dc0ab5905a556254a20e0fe9813e095614b1d04d205f8951fddf1b46624dd1411eacdc1a698','contact@dev4you.fr','2024-12-28 20:45:44'),(364,'c9f63d7fd4b028887255e326cc4b254d3bc59610fb88e5212c60b05efb39b66cf309179014f6f035b02232b2ce479c8505b750e0d5ab663ed1426a8d641195f8','contact@dev4you.fr','2024-12-28 20:46:09'),(365,'ec72c6eeccfda7768b569485124313f98d84de284174e1f479bb05a4d842c648479bada856b29d634c4ed3f1502386675dedb5c2f80b7d2be4b32b5bf5881e0a','contact@dev4you.fr','2024-12-28 20:48:26'),(366,'b547e6eb66258e08cb1f329165c5e2ed0aabed632119c38c52a50b03237064e4faf95af154f5aba9e209347b19b9a6909e57aeaba1185b6ed4c41c3947bb6dda','contact@dev4you.fr','2024-12-28 20:49:48'),(367,'791ced4cfb2a2ba016d9d82bcfea3ac3664cdf514842aa9f05fa0efb9f10bb8fb589f90e2d8fcfb6630930ffd95c36ecd78d0ad2e65c5c16b654efe4a2034f87','contact@dev4you.fr','2024-12-28 21:23:38'),(368,'761b37fc9bf230bc25a08c7b2eedced97c993d04efbacb7265af3a0736b91f77c3f453f451599bdbd6237a8037d2a81dc747978969b8caa014edb9790ab6eb4e','etudes@saffox.eu','2024-12-28 21:24:36'),(369,'ed2f7ef4526a5047b50ec8b3e8be1364728bfd3201dab0b268d0d93023c478007c6a53ae381ce91e19e5b567f18c99d3f129a90e0688013ad4fc65d41c7d2349','contact@dev4you.fr','2024-12-28 21:28:40'),(370,'3771745f0b425653c3137a58eb91f36d8e13d4a8bb209314fb68d707f3e242cccb18fa2a7390813cc589512c6d697e32db345fce9b4a00ab1d6bfac9102ac1c0','etudes@saffox.eu','2024-12-28 21:28:58'),(371,'c6a37b0f76e5355c01e940a2f1ff5e08a2a5198af06b99da0e2d58970c740ec79e3b1044ca45cdca561d6851aed265b8a57791548bc0009c58484508fb7bcf8e','contact@dev4you.fr','2024-12-28 21:30:50'),(372,'827a2e2ee5b52a3476ab7cabffec3afe4106d5642befefdd03f2e803c0a70cc431f14c127d2cc4eacbc58a2650db97a0d5e4ba9033d8851e61d1353c1f4756a8','contact@dev4you.fr','2024-12-28 21:31:09'),(373,'da76ce632de2776360a5e4d8067802cd0026733bd9d9ef9b35711bef2087a679eb96efc8400543abb8e1122d9bcdcc761d7afc4e0ee0bc13977d1bf8801a85ed','etudes@saffox.eu','2024-12-28 21:31:20'),(374,'d4e3edf01fa059e881249b992d018b5684532d00780009222c1b46fd31a7f208b3b06c9c50cfc96dd29b96bf580d373d30440ae4cd41829284df4a8fbad520a5','contact@dev4you.fr','2024-12-28 21:32:45'),(375,'de6a1903db03ce62f222a299617d376c4b417c020ad303036ddc9dd6f06a1f547a54cf9b285519dbbb6d8300b4930499cbb3efa99ab638d2ab2875e855c02b57','etudes@saffox.eu','2024-12-28 21:34:38'),(376,'8c862f999f6f5eefb012ed3f66ae6b1c39dcd3f87b4c54ddfceb27a4ebb739b1677fb1a605322b92085e1447c07cdcd26c0aecb44aaa4e9d391a9549dca25d44','contact@dev4you.fr','2024-12-28 21:34:59'),(377,'c7ff579f6c7edce3dedac38bbf389952d61b5484d74166aeff0a343d815702df1afa4b04af97a3a8293d363c1588538e6023e47103f71d02259c4ac6482d4ec6','contact@dev4you.fr','2024-12-28 21:37:39'),(378,'6ec752d7074ae2d917b0792610d99076596b0a29c3103ea12ac07273c479bf96295da14dc4b4557b046f74d17e34969666f824108b7f2ea9793ace9362ba33a2','etudes@saffox.eu','2024-12-28 21:37:51');
/*!40000 ALTER TABLE `refresh_tokens` ENABLE KEYS */;
UNLOCK TABLES;

--
-- Table structure for table `update`
--

DROP TABLE IF EXISTS `update`;
/*!40101 SET @saved_cs_client     = @@character_set_client */;
/*!50503 SET character_set_client = utf8mb4 */;
CREATE TABLE `update` (
  `id` char(36) COLLATE utf8mb4_unicode_ci NOT NULL COMMENT '(DC2Type:uuid)',
  `version` varchar(255) COLLATE utf8mb4_unicode_ci NOT NULL,
  `content` longtext COLLATE utf8mb4_unicode_ci NOT NULL,
  `created_at` datetime NOT NULL,
  `updated_at` datetime NOT NULL,
  PRIMARY KEY (`id`)
) ENGINE=InnoDB DEFAULT CHARSET=utf8mb4 COLLATE=utf8mb4_unicode_ci;
/*!40101 SET character_set_client = @saved_cs_client */;

--
-- Dumping data for table `update`
--

LOCK TABLES `update` WRITE;
/*!40000 ALTER TABLE `update` DISABLE KEYS */;
INSERT INTO `update` VALUES ('78ff0582-a1f6-4fb6-acf2-5ddb42754826','v1.1.1','1ère version sortie :\n- Module QR Drive\n- Module QR Form\n','2024-01-04 10:15:53','2024-03-28 13:02:09');
/*!40000 ALTER TABLE `update` ENABLE KEYS */;
UNLOCK TABLES;

--
-- Table structure for table `user`
--

DROP TABLE IF EXISTS `user`;
/*!40101 SET @saved_cs_client     = @@character_set_client */;
/*!50503 SET character_set_client = utf8mb4 */;
CREATE TABLE `user` (
  `id` char(36) COLLATE utf8mb4_unicode_ci NOT NULL COMMENT '(DC2Type:uuid)',
  `email` varchar(180) COLLATE utf8mb4_unicode_ci NOT NULL,
  `roles` json NOT NULL,
  `created_at` datetime NOT NULL,
  `updated_at` datetime NOT NULL,
  `password` varchar(255) COLLATE utf8mb4_unicode_ci NOT NULL,
  `can_create_drive` tinyint(1) NOT NULL,
  `can_edit_drive` tinyint(1) NOT NULL,
  `can_delete_drive` tinyint(1) NOT NULL,
  PRIMARY KEY (`id`),
  UNIQUE KEY `UNIQ_8D93D649E7927C74` (`email`)
) ENGINE=InnoDB DEFAULT CHARSET=utf8mb4 COLLATE=utf8mb4_unicode_ci;
/*!40101 SET character_set_client = @saved_cs_client */;

--
-- Dumping data for table `user`
--

LOCK TABLES `user` WRITE;
/*!40000 ALTER TABLE `user` DISABLE KEYS */;
INSERT INTO `user` VALUES ('0326f553-b0c2-43d9-b437-34df1b50e2e3','test_user@gmail.com','[]','2024-03-27 21:49:10','2024-03-28 17:42:03','$2y$13$Z8GR6j1z2fzFDvTyFa4J7ODBCAz///JNFunOpEeyhbgM5jUS9g7/m',1,1,1),('207a2a5c-6e65-4c41-8d3a-f6bc4e657eae','contact@dev4you.fr','[\"ROLE_ADMIN\"]','2023-12-22 16:53:42','2023-12-22 16:53:42','$2y$13$2DiLl63YEZ7NPSnfHVM4Oe6RdJE/cRJzNKweYQZ4ykrevthNq/3F.',0,0,0),('3b89c293-e4c6-4155-929d-2140faaba102','test030@gmail.com','[]','2024-03-21 15:14:01','2024-03-21 15:14:01','$2y$10$IA2lDbp55aIpJVp2RJ/Y5./AcSzPQL.WS3KFgoREJ.ovKjExU9xTy',0,0,0),('3e158d8e-8477-49ef-95e9-fc9525719b10','bilal@saffox.eu','[\"ROLE_ADMIN_CLIENT\"]','2024-04-26 20:30:18','2024-04-26 20:30:18','$2y$10$G9no9GOCtOROhzJ673Bu8.YpYolk7.UpJt0eXRxRV6XoMPm3ppQF6',1,1,1),('3ea953cd-58aa-4f9b-a7dc-ad1f73c4f384','test@gmail.com','[\"ROLE_ADMIN_CLIENT\"]','2024-03-27 21:48:30','2024-09-05 10:54:26','$2y$13$nQzTRN9Ck0etvp7TaDBs/OJhdu6Av5sjOQy0B3E7NDVeog6qbr582',1,1,1),('5771a838-8868-409f-a4cb-d62efc1d54cd','nicolas@saffox.eu','[\"ROLE_ADMIN_CLIENT\"]','2024-04-26 20:30:03','2024-04-26 20:30:54','$2y$13$7XzxI71wtxJGNh/XVcuyquKuFShFlvhqTheHlpgZAvfuIGdT4oLo6',1,1,1),('802626bb-41fa-4354-8200-ae381d896fdf','adam@saffox.eu','[]','2024-03-27 21:07:19','2024-03-27 21:07:30','$2y$13$zlVKWePBRQoizhrdHn7C6.49npn10EPVmp/VTk26b7uh3nbFgtjUm',0,0,0),('ae858639-9fcd-45ff-8cf9-328fc4c11b54','etudes@saffox.eu','[\"ROLE_ADMIN_CLIENT\"]','2024-03-27 21:49:14','2024-11-26 13:24:13','$2y$13$6YD1K0zQp6iitvYzBLvinumftZFDFPetJT0IBNZjL0M8XUxdnHTEy',1,1,1),('d86772c6-6994-4c32-ae7f-71fc9739292f','saffoxuser@saffox.eu','[]','2024-03-21 15:13:42','2024-03-21 15:13:42','$2y$10$Mc.S0b4kTTKA19X01NhwuOvvNvTvoj0zgdlDcHE.knv4AWo1ubay.',0,0,0);
/*!40000 ALTER TABLE `user` ENABLE KEYS */;
UNLOCK TABLES;

--
-- Table structure for table `user_operation`
--

DROP TABLE IF EXISTS `user_operation`;
/*!40101 SET @saved_cs_client     = @@character_set_client */;
/*!50503 SET character_set_client = utf8mb4 */;
CREATE TABLE `user_operation` (
  `user_id` char(36) COLLATE utf8mb4_unicode_ci NOT NULL COMMENT '(DC2Type:uuid)',
  `operation_id` char(36) COLLATE utf8mb4_unicode_ci NOT NULL COMMENT '(DC2Type:uuid)',
  PRIMARY KEY (`user_id`,`operation_id`),
  KEY `IDX_19612B89A76ED395` (`user_id`),
  KEY `IDX_19612B8944AC3583` (`operation_id`),
  CONSTRAINT `FK_19612B8944AC3583` FOREIGN KEY (`operation_id`) REFERENCES `operation` (`id`) ON DELETE CASCADE,
  CONSTRAINT `FK_19612B89A76ED395` FOREIGN KEY (`user_id`) REFERENCES `user` (`id`) ON DELETE CASCADE
) ENGINE=InnoDB DEFAULT CHARSET=utf8mb4 COLLATE=utf8mb4_unicode_ci;
/*!40101 SET character_set_client = @saved_cs_client */;

--
-- Dumping data for table `user_operation`
--

LOCK TABLES `user_operation` WRITE;
/*!40000 ALTER TABLE `user_operation` DISABLE KEYS */;
INSERT INTO `user_operation` VALUES ('207a2a5c-6e65-4c41-8d3a-f6bc4e657eae','7e5cdd75-d1cc-4aea-94be-a7bb9e2a1896'),('3e158d8e-8477-49ef-95e9-fc9525719b10','6957a264-898c-477d-b35c-5e135272a263'),('3ea953cd-58aa-4f9b-a7dc-ad1f73c4f384','66080147-2225-47be-b111-442edd21bfff'),('5771a838-8868-409f-a4cb-d62efc1d54cd','6957a264-898c-477d-b35c-5e135272a263'),('5771a838-8868-409f-a4cb-d62efc1d54cd','f1ef8359-cc22-4c37-8f41-3d4698a70eb5'),('ae858639-9fcd-45ff-8cf9-328fc4c11b54','6957a264-898c-477d-b35c-5e135272a263'),('ae858639-9fcd-45ff-8cf9-328fc4c11b54','8a9fcfa0-26df-4419-b686-58a8a2e47944'),('ae858639-9fcd-45ff-8cf9-328fc4c11b54','f1ef8359-cc22-4c37-8f41-3d4698a70eb5');
/*!40000 ALTER TABLE `user_operation` ENABLE KEYS */;
UNLOCK TABLES;
/*!40103 SET TIME_ZONE=@OLD_TIME_ZONE */;

/*!40101 SET SQL_MODE=@OLD_SQL_MODE */;
/*!40014 SET FOREIGN_KEY_CHECKS=@OLD_FOREIGN_KEY_CHECKS */;
/*!40014 SET UNIQUE_CHECKS=@OLD_UNIQUE_CHECKS */;
/*!40101 SET CHARACTER_SET_CLIENT=@OLD_CHARACTER_SET_CLIENT */;
/*!40101 SET CHARACTER_SET_RESULTS=@OLD_CHARACTER_SET_RESULTS */;
/*!40101 SET COLLATION_CONNECTION=@OLD_COLLATION_CONNECTION */;
/*!40111 SET SQL_NOTES=@OLD_SQL_NOTES */;

-- Dump completed on 2024-12-02 16:07:31
